uf,cd_cargo,cargo,grupo,partido,sigla_tse,num_partido,federacao,tipo_agremiacao,agremiacao,n_cand,nominais_validos_tvtn,nominais_apurados_tvan,legenda_validos_tvtl,legenda_apurados_tval,soma_vap_cand,soma_vap_cand_validos
AC,3,Governador,Governador,PP,PP,11,104,c,AVANÇA ACRE,1,218760,218760,0,0,218760,218760
AC,3,Governador,Governador,PCB,PCB,21,,i,PARTIDO COMUNISTA BRASILEIRO,1,715,715,0,0,715,715
AC,3,Governador,Governador,AGIR,AGIR,36,,i,AGIR,1,404,404,0,0,404,404
AC,3,Governador,Governador,REPUBLICANOS,REPUBLICANOS,10,,c,TRABALHO DA ESPERANÇA,1,141859,141859,0,0,141859,141859
AC,3,Governador,Governador,PSB,PSB,40,,c,FRENTE AMPLA PELO ACRE,1,32963,32963,0,0,32963,32963
AC,3,Governador,Governador,PSDB,PSDB,45,100,c,PRODUZIR PARA EMPREGAR,1,44946,44946,0,0,44946,44946
AC,5,Senador,Senador,DC,DC,27,,i,DEMOCRACIA CRISTÃ,1,19283,19283,0,0,19283,19283
AC,5,Senador,Senador,PP,PP,11,104,c,AVANÇA ACRE,1,0,145244,0,0,145244,0
AC,5,Senador,Senador,PL,PL,22,,c,AVANÇA ACRE,1,223972,223972,0,0,223972,223972
AC,5,Senador,Senador,PSOL,PSOL,50,102,f,FEDERAÇÃO PSOL REDE,1,19659,19659,0,0,19659,19659
AC,5,Senador,Senador,SOLIDARIEDADE,SOLIDARIEDADE,77,103,c,PRODUZIR PARA EMPREGAR,1,95128,95128,0,0,95128,95128
AC,5,Senador,Senador,REPUBLICANOS,REPUBLICANOS,10,,c,TRABALHO DA ESPERANÇA,1,157104,157104,0,0,157104,157104
AC,5,Senador,Senador,PSD,PSD,55,,c,TRABALHO DA ESPERANÇA,1,90849,90849,0,0,90849,90849
AC,5,Senador,Senador,PT,PT,13,101,c,FRENTE AMPLA PELO ACRE,1,124063,124063,0,0,124063,124063
AC,6,Deputado Federal,Dep. Federal,AVANTE,AVANTE,70,,i,AVANTE,4,614,614,68,68,614,614
AC,6,Deputado Federal,Dep. Federal,PDT,PDT,12,,i,PARTIDO DEMOCRÁTICO TRABALHISTA,3,1038,1038,1982,1982,1038,1038
AC,6,Deputado Federal,Dep. Federal,PODE,PODE,20,,i,PODEMOS,5,479,479,130,130,479,479
AC,6,Deputado Federal,Dep. Federal,PCDOB,PCDOB,65,101,f,FEDERAÇÃO BRASIL DA ESPERANÇA - FE BRASIL,2,16086,16086,355,355,16086,16086
AC,6,Deputado Federal,Dep. Federal,PT,PT,13,101,f,FEDERAÇÃO BRASIL DA ESPERANÇA - FE BRASIL,5,23499,23499,1507,1507,23499,23499
AC,6,Deputado Federal,Dep. Federal,PV,PV,43,101,f,FEDERAÇÃO BRASIL DA ESPERANÇA - FE BRASIL,2,4958,4958,105,105,4958,4958
AC,6,Deputado Federal,Dep. Federal,PRD,PRD,25,103,f,FEDERAÇÃO RENOVAÇÃO SOLIDÁRIA,3,382,382,102,102,382,382
AC,6,Deputado Federal,Dep. Federal,SOLIDARIEDADE,SOLIDARIEDADE,77,103,f,FEDERAÇÃO RENOVAÇÃO SOLIDÁRIA,6,1234,1234,317,317,1234,1234
AC,6,Deputado Federal,Dep. Federal,DEMOCRATA,DEMOCRATA,35,,i,DEMOCRATA,2,5,5,10,10,5,5
AC,6,Deputado Federal,Dep. Federal,UNIAO,UNIÃO,44,104,f,FEDERAÇÃO UNIÃO PROGRESSISTA,5,80368,80368,1314,1314,80368,80368
AC,6,Deputado Federal,Dep. Federal,PP,PP,11,104,f,FEDERAÇÃO UNIÃO PROGRESSISTA,4,89075,89075,3153,3153,89075,89075
AC,6,Deputado Federal,Dep. Federal,REDE,REDE,18,102,f,FEDERAÇÃO PSOL REDE,0,0,0,71,71,0,0
AC,6,Deputado Federal,Dep. Federal,PSOL,PSOL,50,102,f,FEDERAÇÃO PSOL REDE,4,294,294,63,63,294,294
AC,6,Deputado Federal,Dep. Federal,PL,PL,22,,i,PARTIDO LIBERAL,9,57025,57025,2214,2214,57025,57025
AC,6,Deputado Federal,Dep. Federal,NOVO,NOVO,30,,i,PARTIDO NOVO,5,1376,1376,306,306,1376,1376
AC,6,Deputado Federal,Dep. Federal,REPUBLICANOS,REPUBLICANOS,10,,i,REPUBLICANOS,9,67366,67366,1155,1155,67366,67366
AC,6,Deputado Federal,Dep. Federal,PSB,PSB,40,,i,PARTIDO SOCIALISTA BRASILEIRO,2,282,282,74,74,282,282
AC,6,Deputado Federal,Dep. Federal,MDB,MDB,15,,i,MOVIMENTO DEMOCRÁTICO BRASILEIRO,9,83091,89218,768,768,89218,83091
AC,6,Deputado Federal,Dep. Federal,PSDB,PSDB,45,100,f,FEDERAÇÃO PSDB CIDADANIA,6,20390,20390,359,359,20390,20390
AC,6,Deputado Federal,Dep. Federal,CIDADANIA,CIDADANIA,23,100,f,FEDERAÇÃO PSDB CIDADANIA,2,760,760,110,110,760,760
AC,7,Deputado Estadual,Dep. Estadual/Distrital,UNIAO,UNIÃO,44,104,f,FEDERAÇÃO UNIÃO PROGRESSISTA,12,76369,76369,1603,1603,76369,76369
AC,7,Deputado Estadual,Dep. Estadual/Distrital,PP,PP,11,104,f,FEDERAÇÃO UNIÃO PROGRESSISTA,13,79680,79680,4924,4924,79680,79680
AC,7,Deputado Estadual,Dep. Estadual/Distrital,MDB,MDB,15,,i,MOVIMENTO DEMOCRÁTICO BRASILEIRO,15,37579,37579,1356,1356,37579,37579
AC,7,Deputado Estadual,Dep. Estadual/Distrital,PSD,PSD,55,,i,PARTIDO SOCIAL DEMOCRÁTICO,20,37917,37917,2003,2003,37917,37917
AC,7,Deputado Estadual,Dep. Estadual/Distrital,PDT,PDT,12,,i,PARTIDO DEMOCRÁTICO TRABALHISTA,19,19776,19776,816,816,19776,19776
AC,7,Deputado Estadual,Dep. Estadual/Distrital,PL,PL,22,,i,PARTIDO LIBERAL,18,62796,65878,5104,5104,65878,62796
AC,7,Deputado Estadual,Dep. Estadual/Distrital,PV,PV,43,101,f,FEDERAÇÃO BRASIL DA ESPERANÇA - FE BRASIL,3,536,536,119,119,536,536
AC,7,Deputado Estadual,Dep. Estadual/Distrital,PCDOB,PCDOB,65,101,f,FEDERAÇÃO BRASIL DA ESPERANÇA - FE BRASIL,3,9557,9557,388,388,9557,9557
AC,7,Deputado Estadual,Dep. Estadual/Distrital,PT,PT,13,101,f,FEDERAÇÃO BRASIL DA ESPERANÇA - FE BRASIL,12,17950,17950,3731,3731,17950,17950
AC,7,Deputado Estadual,Dep. Estadual/Distrital,REDE,REDE,18,102,f,FEDERAÇÃO PSOL REDE,0,0,0,62,62,0,0
AC,7,Deputado Estadual,Dep. Estadual/Distrital,PSOL,PSOL,50,102,f,FEDERAÇÃO PSOL REDE,3,87,87,109,109,87,87
AC,7,Deputado Estadual,Dep. Estadual/Distrital,PSB,PSB,40,,i,PARTIDO SOCIALISTA BRASILEIRO,3,160,160,165,165,160,160
AC,7,Deputado Estadual,Dep. Estadual/Distrital,CIDADANIA,CIDADANIA,23,100,f,FEDERAÇÃO PSDB CIDADANIA,6,670,670,94,94,670,670
AC,7,Deputado Estadual,Dep. Estadual/Distrital,PSDB,PSDB,45,100,f,FEDERAÇÃO PSDB CIDADANIA,18,15780,15824,849,849,15824,15780
AC,7,Deputado Estadual,Dep. Estadual/Distrital,PRD,PRD,25,103,f,FEDERAÇÃO RENOVAÇÃO SOLIDÁRIA,5,713,713,125,125,713,713
AC,7,Deputado Estadual,Dep. Estadual/Distrital,SOLIDARIEDADE,SOLIDARIEDADE,77,103,f,FEDERAÇÃO RENOVAÇÃO SOLIDÁRIA,9,314,314,1328,1328,314,314
AC,7,Deputado Estadual,Dep. Estadual/Distrital,NOVO,NOVO,30,,i,PARTIDO NOVO,23,23408,23408,284,284,23408,23408
AC,7,Deputado Estadual,Dep. Estadual/Distrital,PODE,PODE,20,,i,PODEMOS,22,2501,2535,73,73,2535,2501
AC,7,Deputado Estadual,Dep. Estadual/Distrital,REPUBLICANOS,REPUBLICANOS,10,,i,REPUBLICANOS,18,57828,57828,3258,3258,57828,57828
AL,3,Governador,Governador,MDB,MDB,15,,c,PRA ALAGOAS FAZER HISTÓRIA DE NOVO,1,809796,809796,0,0,809796,809796
AL,3,Governador,Governador,DEMOCRATA,DEMOCRATA,35,,i,DEMOCRATA,1,880,880,0,0,880,880
AL,3,Governador,Governador,PSDB,PSDB,45,100,c,ALAGOAS GIGANTE,1,892484,892484,0,0,892484,892484
AL,3,Governador,Governador,UP,UP,80,,i,UNIDADE POPULAR,1,6454,6454,0,0,6454,6454
AL,5,Senador,Senador,MDB,MDB,15,,c,PRA ALAGOAS FAZER HISTÓRIA DE NOVO,2,1089523,1089523,0,0,1089523,1089523
AL,5,Senador,Senador,UP,UP,80,,i,UNIDADE POPULAR,1,26048,26048,0,0,26048,26048
AL,5,Senador,Senador,REPUBLICANOS,REPUBLICANOS,10,,i,REPUBLICANOS,1,293008,293008,0,0,293008,293008
AL,5,Senador,Senador,PP,PP,11,104,c,ALAGOAS GIGANTE II,1,948703,948703,0,0,948703,948703
AL,5,Senador,Senador,PSDB,PSDB,45,100,c,ALAGOAS GIGANTE II,1,926860,926860,0,0,926860,926860
AL,5,Senador,Senador,DEMOCRATA,DEMOCRATA,35,,i,DEMOCRATA,1,2459,2459,0,0,2459,2459
AL,6,Deputado Federal,Dep. Federal,PSD,PSD,55,,i,PARTIDO SOCIAL DEMOCRÁTICO,10,440116,440116,3457,3457,440116,440116
AL,6,Deputado Federal,Dep. Federal,UNIAO,UNIÃO,44,104,f,FEDERAÇÃO UNIÃO PROGRESSISTA,3,176101,176101,2187,2187,176101,176101
AL,6,Deputado Federal,Dep. Federal,PP,PP,11,104,f,FEDERAÇÃO UNIÃO PROGRESSISTA,7,502180,502180,12351,12351,502180,502180
AL,6,Deputado Federal,Dep. Federal,CIDADANIA,CIDADANIA,23,100,f,FEDERAÇÃO PSDB CIDADANIA,0,0,0,319,319,0,0
AL,6,Deputado Federal,Dep. Federal,PSDB,PSDB,45,100,f,FEDERAÇÃO PSDB CIDADANIA,10,181176,181176,6577,6577,181176,181176
AL,6,Deputado Federal,Dep. Federal,UP,UP,80,,i,UNIDADE POPULAR,2,1082,1082,102,102,1082,1082
AL,6,Deputado Federal,Dep. Federal,NOVO,NOVO,30,,i,PARTIDO NOVO,6,2887,2887,87,87,2887,2887
AL,6,Deputado Federal,Dep. Federal,DC,DC,27,,i,DEMOCRACIA CRISTÃ,10,2504,2504,36,36,2504,2504
AL,6,Deputado Federal,Dep. Federal,MDB,MDB,15,,i,MOVIMENTO DEMOCRÁTICO BRASILEIRO,10,307588,307588,16383,16383,307588,307588
AL,6,Deputado Federal,Dep. Federal,AVANTE,AVANTE,70,,i,AVANTE,3,1476,1476,101,101,1476,1476
AL,6,Deputado Federal,Dep. Federal,MISSAO,MISSÃO,14,,i,PARTIDO MISSÃO,6,5610,5610,1020,1020,5610,5610
AL,6,Deputado Federal,Dep. Federal,SOLIDARIEDADE,SOLIDARIEDADE,77,103,f,FEDERAÇÃO RENOVAÇÃO SOLIDÁRIA,6,2023,2190,247,247,2190,2023
AL,6,Deputado Federal,Dep. Federal,PRD,PRD,25,103,f,FEDERAÇÃO RENOVAÇÃO SOLIDÁRIA,4,951,951,341,341,951,951
AL,6,Deputado Federal,Dep. Federal,DEMOCRATA,DEMOCRATA,35,,i,DEMOCRATA,4,346,346,137,137,346,346
AL,6,Deputado Federal,Dep. Federal,PL,PL,22,,i,PARTIDO LIBERAL,10,30585,30585,2467,2467,30585,30585
AL,6,Deputado Federal,Dep. Federal,PCDOB,PCDOB,65,101,f,FEDERAÇÃO BRASIL DA ESPERANÇA - FE BRASIL,2,2931,2931,169,169,2931,2931
AL,6,Deputado Federal,Dep. Federal,PV,PV,43,101,f,FEDERAÇÃO BRASIL DA ESPERANÇA - FE BRASIL,2,1192,1192,507,507,1192,1192
AL,6,Deputado Federal,Dep. Federal,PT,PT,13,101,f,FEDERAÇÃO BRASIL DA ESPERANÇA - FE BRASIL,6,85896,85896,7209,7209,85896,85896
AL,7,Deputado Estadual,Dep. Estadual/Distrital,PRD,PRD,25,103,f,FEDERAÇÃO RENOVAÇÃO SOLIDÁRIA,7,621,621,379,379,621,621
AL,7,Deputado Estadual,Dep. Estadual/Distrital,SOLIDARIEDADE,SOLIDARIEDADE,77,103,f,FEDERAÇÃO RENOVAÇÃO SOLIDÁRIA,9,829,853,593,593,853,829
AL,7,Deputado Estadual,Dep. Estadual/Distrital,DC,DC,27,,i,DEMOCRACIA CRISTÃ,7,394,506,71,71,506,394
AL,7,Deputado Estadual,Dep. Estadual/Distrital,PP,PP,11,104,f,FEDERAÇÃO UNIÃO PROGRESSISTA,9,204253,204253,25516,25516,204253,204253
AL,7,Deputado Estadual,Dep. Estadual/Distrital,UNIAO,UNIÃO,44,104,f,FEDERAÇÃO UNIÃO PROGRESSISTA,5,89479,89479,4095,4095,89479,89479
AL,7,Deputado Estadual,Dep. Estadual/Distrital,MISSAO,MISSÃO,14,,i,PARTIDO MISSÃO,3,2766,2766,1513,1513,2766,2766
AL,7,Deputado Estadual,Dep. Estadual/Distrital,MDB,MDB,15,,i,MOVIMENTO DEMOCRÁTICO BRASILEIRO,27,903039,903039,46332,46332,903039,903039
AL,7,Deputado Estadual,Dep. Estadual/Distrital,PL,PL,22,,i,PARTIDO LIBERAL,13,133561,133561,3192,3192,133561,133561
AL,7,Deputado Estadual,Dep. Estadual/Distrital,UP,UP,80,,i,UNIDADE POPULAR,2,615,615,251,251,615,615
AL,7,Deputado Estadual,Dep. Estadual/Distrital,PT,PT,13,101,f,FEDERAÇÃO BRASIL DA ESPERANÇA - FE BRASIL,14,154735,154735,7491,7491,154735,154735
AL,7,Deputado Estadual,Dep. Estadual/Distrital,PV,PV,43,101,f,FEDERAÇÃO BRASIL DA ESPERANÇA - FE BRASIL,5,40763,40763,820,820,40763,40763
AL,7,Deputado Estadual,Dep. Estadual/Distrital,PCDOB,PCDOB,65,101,f,FEDERAÇÃO BRASIL DA ESPERANÇA - FE BRASIL,2,927,927,264,264,927,927
AL,7,Deputado Estadual,Dep. Estadual/Distrital,PSDB,PSDB,45,100,f,FEDERAÇÃO PSDB CIDADANIA,19,156843,156843,23711,23711,156843,156843
AL,7,Deputado Estadual,Dep. Estadual/Distrital,CIDADANIA,CIDADANIA,23,100,f,FEDERAÇÃO PSDB CIDADANIA,0,0,0,321,321,0,0
AM,3,Governador,Governador,PSD,PSD,55,,c,FORÇA AMAZONAS,1,841567,841567,0,0,841567,841567
AM,3,Governador,Governador,UNIAO,UNIÃO,44,104,c,UNIÃO PELO AMAZONAS,1,453869,453869,0,0,453869,453869
AM,3,Governador,Governador,REDE,REDE,18,102,f,FEDERAÇÃO PSOL REDE,1,11457,11457,0,0,11457,11457
AM,3,Governador,Governador,PL,PL,22,,c,MUDAR É URGENTE,1,507334,507334,0,0,507334,507334
AM,3,Governador,Governador,PSTU,PSTU,16,,i,PARTIDO SOCIALISTA  DOS TRABALHADORES UNIFICADO,1,2783,2783,0,0,2783,2783
AM,3,Governador,Governador,AVANTE,AVANTE,70,,c,PRA CIMA AMAZONAS,1,218467,218467,0,0,218467,218467
AM,3,Governador,Governador,MOBILIZA,MOBILIZA,33,,i,MOBILIZAÇÃO NACIONAL,1,36176,36176,0,0,36176,36176
AM,5,Senador,Senador,MOBILIZA,MOBILIZA,33,,i,MOBILIZAÇÃO NACIONAL,1,46757,46757,0,0,46757,46757
AM,5,Senador,Senador,PSDB,PSDB,45,100,f,FEDERAÇÃO PSDB CIDADANIA,1,948699,948699,0,0,948699,948699
AM,5,Senador,Senador,UNIAO,UNIÃO,44,104,c,UNIÃO PELO AMAZONAS,1,456757,456757,0,0,456757,456757
AM,5,Senador,Senador,DC,DC,27,,i,DEMOCRACIA CRISTÃ,1,13913,13913,0,0,13913,13913
AM,5,Senador,Senador,MDB,MDB,15,,c,FORÇA AMAZONAS,1,1240155,1240155,0,0,1240155,1240155
AM,5,Senador,Senador,PL,PL,22,,c,MUDAR É URGENTE,1,908992,908992,0,0,908992,908992
AM,5,Senador,Senador,PSOL,PSOL,50,102,f,FEDERAÇÃO PSOL REDE,1,220878,220878,0,0,220878,220878
AM,5,Senador,Senador,PSTU,PSTU,16,,i,PARTIDO SOCIALISTA  DOS TRABALHADORES UNIFICADO,1,5022,5022,0,0,5022,5022
AM,6,Deputado Federal,Dep. Federal,PSD,PSD,55,,i,PARTIDO SOCIAL DEMOCRÁTICO,9,371816,371816,5951,5951,371816,371816
AM,6,Deputado Federal,Dep. Federal,PSB,PSB,40,,i,PARTIDO SOCIALISTA BRASILEIRO,9,11711,11711,312,312,11711,11711
AM,6,Deputado Federal,Dep. Federal,PODE,PODE,20,,i,PODEMOS,9,5379,5379,2370,2370,5379,5379
AM,6,Deputado Federal,Dep. Federal,MOBILIZA,MOBILIZA,33,,i,MOBILIZAÇÃO NACIONAL,2,392,392,212,212,392,392
AM,6,Deputado Federal,Dep. Federal,PSTU,PSTU,16,,i,PARTIDO SOCIALISTA  DOS TRABALHADORES UNIFICADO,2,329,329,201,201,329,329
AM,6,Deputado Federal,Dep. Federal,DC,DC,27,,i,DEMOCRACIA CRISTÃ,9,2975,2975,56,56,2975,2975
AM,6,Deputado Federal,Dep. Federal,PDT,PDT,12,,i,PARTIDO DEMOCRÁTICO TRABALHISTA,8,4735,4968,2804,2804,4968,4735
AM,6,Deputado Federal,Dep. Federal,MISSAO,MISSÃO,14,,i,PARTIDO MISSÃO,9,4416,4416,693,693,4416,4416
AM,6,Deputado Federal,Dep. Federal,PT,PT,13,101,f,FEDERAÇÃO BRASIL DA ESPERANÇA - FE BRASIL,7,81204,81204,6747,6747,81204,81204
AM,6,Deputado Federal,Dep. Federal,PCDOB,PCDOB,65,101,f,FEDERAÇÃO BRASIL DA ESPERANÇA - FE BRASIL,2,7450,7450,171,171,7450,7450
AM,6,Deputado Federal,Dep. Federal,PV,PV,43,101,f,FEDERAÇÃO BRASIL DA ESPERANÇA - FE BRASIL,0,0,0,118,118,0,0
AM,6,Deputado Federal,Dep. Federal,PSOL,PSOL,50,102,f,FEDERAÇÃO PSOL REDE,5,9166,9166,868,868,9166,9166
AM,6,Deputado Federal,Dep. Federal,REDE,REDE,18,102,f,FEDERAÇÃO PSOL REDE,4,3077,3077,230,230,3077,3077
AM,6,Deputado Federal,Dep. Federal,PP,PP,11,104,f,FEDERAÇÃO UNIÃO PROGRESSISTA,2,67415,67415,2770,2770,67415,67415
AM,6,Deputado Federal,Dep. Federal,UNIAO,UNIÃO,44,104,f,FEDERAÇÃO UNIÃO PROGRESSISTA,7,310193,310193,6998,6998,310193,310193
AM,6,Deputado Federal,Dep. Federal,REPUBLICANOS,REPUBLICANOS,10,,i,REPUBLICANOS,9,269071,269071,2755,2755,269071,269071
AM,6,Deputado Federal,Dep. Federal,NOVO,NOVO,30,,i,PARTIDO NOVO,8,1714,1714,167,167,1714,1714
AM,6,Deputado Federal,Dep. Federal,AVANTE,AVANTE,70,,i,AVANTE,9,134120,134120,3421,3421,134120,134120
AM,6,Deputado Federal,Dep. Federal,PL,PL,22,,i,PARTIDO LIBERAL,9,378576,378576,8298,8298,378576,378576
AM,6,Deputado Federal,Dep. Federal,MDB,MDB,15,,i,MOVIMENTO DEMOCRÁTICO BRASILEIRO,9,390972,390972,9059,9059,390972,390972
AM,6,Deputado Federal,Dep. Federal,PRD,PRD,25,103,f,FEDERAÇÃO RENOVAÇÃO SOLIDÁRIA,0,0,0,684,684,0,0
AM,6,Deputado Federal,Dep. Federal,SOLIDARIEDADE,SOLIDARIEDADE,77,103,f,FEDERAÇÃO RENOVAÇÃO SOLIDÁRIA,8,8845,9578,456,456,9578,8845
AM,7,Deputado Estadual,Dep. Estadual/Distrital,REDE,REDE,18,102,f,FEDERAÇÃO PSOL REDE,6,1511,1511,536,536,1511,1511
AM,7,Deputado Estadual,Dep. Estadual/Distrital,PSOL,PSOL,50,102,f,FEDERAÇÃO PSOL REDE,10,1942,1942,1446,1446,1942,1942
AM,7,Deputado Estadual,Dep. Estadual/Distrital,MDB,MDB,15,,i,MOVIMENTO DEMOCRÁTICO BRASILEIRO,24,257008,257008,33589,33589,257008,257008
AM,7,Deputado Estadual,Dep. Estadual/Distrital,PL,PL,22,,i,PARTIDO LIBERAL,23,262631,262765,13710,13710,262765,262631
AM,7,Deputado Estadual,Dep. Estadual/Distrital,PDT,PDT,12,,i,PARTIDO DEMOCRÁTICO TRABALHISTA,23,17115,17474,1401,1401,17474,17115
AM,7,Deputado Estadual,Dep. Estadual/Distrital,UNIAO,UNIÃO,44,104,f,FEDERAÇÃO UNIÃO PROGRESSISTA,22,378256,378256,13815,13815,378256,378256
AM,7,Deputado Estadual,Dep. Estadual/Distrital,PP,PP,11,104,f,FEDERAÇÃO UNIÃO PROGRESSISTA,3,18691,18691,1487,1487,18691,18691
AM,7,Deputado Estadual,Dep. Estadual/Distrital,PODE,PODE,20,,i,PODEMOS,25,153404,153404,1696,1696,153404,153404
AM,7,Deputado Estadual,Dep. Estadual/Distrital,PSD,PSD,55,,i,PARTIDO SOCIAL DEMOCRÁTICO,24,301135,301135,7947,7947,301135,301135
AM,7,Deputado Estadual,Dep. Estadual/Distrital,PV,PV,43,101,f,FEDERAÇÃO BRASIL DA ESPERANÇA - FE BRASIL,0,0,0,163,163,0,0
AM,7,Deputado Estadual,Dep. Estadual/Distrital,PT,PT,13,101,f,FEDERAÇÃO BRASIL DA ESPERANÇA - FE BRASIL,13,145999,145999,5804,5804,145999,145999
AM,7,Deputado Estadual,Dep. Estadual/Distrital,PCDOB,PCDOB,65,101,f,FEDERAÇÃO BRASIL DA ESPERANÇA - FE BRASIL,2,2489,2489,258,258,2489,2489
AM,7,Deputado Estadual,Dep. Estadual/Distrital,PSB,PSB,40,,i,PARTIDO SOCIALISTA BRASILEIRO,8,2348,2348,504,504,2348,2348
AM,7,Deputado Estadual,Dep. Estadual/Distrital,NOVO,NOVO,30,,i,PARTIDO NOVO,22,5060,5060,248,248,5060,5060
AM,7,Deputado Estadual,Dep. Estadual/Distrital,AGIR,AGIR,36,,i,AGIR,25,102650,102650,1132,1132,102650,102650
AM,7,Deputado Estadual,Dep. Estadual/Distrital,AVANTE,AVANTE,70,,i,AVANTE,23,259950,259950,4442,4442,259950,259950
AM,7,Deputado Estadual,Dep. Estadual/Distrital,PSTU,PSTU,16,,i,PARTIDO SOCIALISTA  DOS TRABALHADORES UNIFICADO,2,306,306,325,325,306,306
AM,7,Deputado Estadual,Dep. Estadual/Distrital,REPUBLICANOS,REPUBLICANOS,10,,i,REPUBLICANOS,23,122373,122373,3394,3394,122373,122373
AP,3,Governador,Governador,UNIAO,UNIÃO,44,104,c,JUNTOS POR TODO O AMAPÁ,1,165900,165900,0,0,165900,165900
AP,3,Governador,Governador,PSD,PSD,55,,c,TRABALHAR PARA TRANSFORMAR O AMAPÁ,1,281595,281595,0,0,281595,281595
AP,3,Governador,Governador,PCO,PCO,29,,i,PARTIDO DA CAUSA OPERÁRIA,1,315,315,0,0,315,315
AP,3,Governador,Governador,DC,DC,27,,i,DEMOCRACIA CRISTÃ,1,376,376,0,0,376,376
AP,3,Governador,Governador,PSTU,PSTU,16,,i,PARTIDO SOCIALISTA  DOS TRABALHADORES UNIFICADO,1,561,561,0,0,561,561
AP,5,Senador,Senador,PT,PT,13,101,c,JUNTOS POR TODO O AMAPÁ,1,163857,163857,0,0,163857,163857
AP,5,Senador,Senador,UNIAO,UNIÃO,44,104,c,JUNTOS POR TODO O AMAPÁ,1,85540,85540,0,0,85540,85540
AP,5,Senador,Senador,PCO,PCO,29,,i,PARTIDO DA CAUSA OPERÁRIA,1,696,696,0,0,696,696
AP,5,Senador,Senador,DC,DC,27,,i,DEMOCRACIA CRISTÃ,2,3684,3684,0,0,3684,3684
AP,5,Senador,Senador,PSB,PSB,40,,i,PARTIDO SOCIALISTA BRASILEIRO,1,19380,19380,0,0,19380,19380
AP,5,Senador,Senador,PSD,PSD,55,,c,TRABALHAR PARA TRANSFORMAR O AMAPÁ,1,213948,213948,0,0,213948,213948
AP,5,Senador,Senador,PODE,PODE,20,,c,TRABALHAR PARA TRANSFORMAR O AMAPÁ,1,264799,264799,0,0,264799,264799
AP,5,Senador,Senador,MDB,MDB,15,,i,MOVIMENTO DEMOCRÁTICO BRASILEIRO,1,131321,131321,0,0,131321,131321
AP,6,Deputado Federal,Dep. Federal,PL,PL,22,,i,PARTIDO LIBERAL,9,55826,55826,1023,1023,55826,55826
AP,6,Deputado Federal,Dep. Federal,PCO,PCO,29,,i,PARTIDO DA CAUSA OPERÁRIA,2,26,26,26,26,26,26
AP,6,Deputado Federal,Dep. Federal,UNIAO,UNIÃO,44,104,f,FEDERAÇÃO UNIÃO PROGRESSISTA,6,101120,101120,2224,2224,101120,101120
AP,6,Deputado Federal,Dep. Federal,PP,PP,11,104,f,FEDERAÇÃO UNIÃO PROGRESSISTA,2,21614,21614,485,485,21614,21614
AP,6,Deputado Federal,Dep. Federal,PV,PV,43,101,f,FEDERAÇÃO BRASIL DA ESPERANÇA - FE BRASIL,2,22808,22808,464,464,22808,22808
AP,6,Deputado Federal,Dep. Federal,PT,PT,13,101,f,FEDERAÇÃO BRASIL DA ESPERANÇA - FE BRASIL,3,23294,23294,1483,1483,23294,23294
AP,6,Deputado Federal,Dep. Federal,PCDOB,PCDOB,65,101,f,FEDERAÇÃO BRASIL DA ESPERANÇA - FE BRASIL,3,21647,21647,129,129,21647,21647
AP,6,Deputado Federal,Dep. Federal,PSOL,PSOL,50,102,f,FEDERAÇÃO PSOL REDE,3,1795,1795,84,84,1795,1795
AP,6,Deputado Federal,Dep. Federal,REDE,REDE,18,102,f,FEDERAÇÃO PSOL REDE,2,381,381,684,684,381,381
AP,6,Deputado Federal,Dep. Federal,MISSAO,MISSÃO,14,,i,PARTIDO MISSÃO,5,817,817,209,209,817,817
AP,6,Deputado Federal,Dep. Federal,MDB,MDB,15,,i,MOVIMENTO DEMOCRÁTICO BRASILEIRO,9,27033,27033,889,889,27033,27033
AP,6,Deputado Federal,Dep. Federal,PDT,PDT,12,,i,PARTIDO DEMOCRÁTICO TRABALHISTA,9,82933,82933,1743,1743,82933,82933
AP,6,Deputado Federal,Dep. Federal,PODE,PODE,20,,i,PODEMOS,9,80211,80211,1267,1267,80211,80211
AP,6,Deputado Federal,Dep. Federal,NOVO,NOVO,30,,i,PARTIDO NOVO,5,445,445,115,115,445,445
AP,6,Deputado Federal,Dep. Federal,PSD,PSD,55,,i,PARTIDO SOCIAL DEMOCRÁTICO,9,7608,8624,892,892,8624,7608
AP,6,Deputado Federal,Dep. Federal,DC,DC,27,,i,DEMOCRACIA CRISTÃ,6,392,392,13,13,392,392
AP,7,Deputado Estadual,Dep. Estadual/Distrital,REPUBLICANOS,REPUBLICANOS,10,,i,REPUBLICANOS,22,84754,85151,680,680,85151,84754
AP,7,Deputado Estadual,Dep. Estadual/Distrital,PODE,PODE,20,,i,PODEMOS,24,34050,34050,4198,4198,34050,34050
AP,7,Deputado Estadual,Dep. Estadual/Distrital,PT,PT,13,101,f,FEDERAÇÃO BRASIL DA ESPERANÇA - FE BRASIL,8,14347,14347,3066,3066,14347,14347
AP,7,Deputado Estadual,Dep. Estadual/Distrital,PV,PV,43,101,f,FEDERAÇÃO BRASIL DA ESPERANÇA - FE BRASIL,4,5417,13752,346,346,13752,5417
AP,7,Deputado Estadual,Dep. Estadual/Distrital,PCDOB,PCDOB,65,101,f,FEDERAÇÃO BRASIL DA ESPERANÇA - FE BRASIL,3,551,551,214,214,551,551
AP,7,Deputado Estadual,Dep. Estadual/Distrital,UNIAO,UNIÃO,44,104,f,FEDERAÇÃO UNIÃO PROGRESSISTA,17,88871,91580,2261,2261,91580,88871
AP,7,Deputado Estadual,Dep. Estadual/Distrital,PP,PP,11,104,f,FEDERAÇÃO UNIÃO PROGRESSISTA,2,7763,7763,464,464,7763,7763
AP,7,Deputado Estadual,Dep. Estadual/Distrital,MDB,MDB,15,,i,MOVIMENTO DEMOCRÁTICO BRASILEIRO,11,33270,33270,1852,1852,33270,33270
AP,7,Deputado Estadual,Dep. Estadual/Distrital,PCO,PCO,29,,i,PARTIDO DA CAUSA OPERÁRIA,2,22,22,22,22,22,22
AP,7,Deputado Estadual,Dep. Estadual/Distrital,NOVO,NOVO,30,,i,PARTIDO NOVO,16,9049,9049,103,103,9049,9049
AP,7,Deputado Estadual,Dep. Estadual/Distrital,PL,PL,22,,i,PARTIDO LIBERAL,22,26695,28273,946,946,28273,26695
AP,7,Deputado Estadual,Dep. Estadual/Distrital,PSD,PSD,55,,i,PARTIDO SOCIAL DEMOCRÁTICO,20,38300,38300,2040,2040,38300,38300
AP,7,Deputado Estadual,Dep. Estadual/Distrital,PDT,PDT,12,,i,PARTIDO DEMOCRÁTICO TRABALHISTA,14,51391,51547,1562,1562,51547,51391
AP,7,Deputado Estadual,Dep. Estadual/Distrital,REDE,REDE,18,102,f,FEDERAÇÃO PSOL REDE,18,38021,38021,386,386,38021,38021
AP,7,Deputado Estadual,Dep. Estadual/Distrital,PSOL,PSOL,50,102,f,FEDERAÇÃO PSOL REDE,0,0,0,90,90,0,0
BA,3,Governador,Governador,PT,PT,13,101,c,"MAIS BAHIA, MAIS BRASIL",1,4626509,4626509,0,0,4626509,4626509
BA,3,Governador,Governador,DC,DC,27,,i,DEMOCRACIA CRISTÃ,1,2845,2845,0,0,2845,2845
BA,3,Governador,Governador,PCO,PCO,29,,i,PARTIDO DA CAUSA OPERÁRIA,1,4028,4028,0,0,4028,4028
BA,3,Governador,Governador,UP,UP,80,,i,UNIDADE POPULAR,1,5238,5238,0,0,5238,5238
BA,3,Governador,Governador,PSOL,PSOL,50,102,f,FEDERAÇÃO PSOL REDE,1,27243,27243,0,0,27243,27243
BA,3,Governador,Governador,UNIAO,UNIÃO,44,104,c,UNIDOS PARA MUDAR A BAHIA,1,3625227,3625227,0,0,3625227,3625227
BA,5,Senador,Senador,PT,PT,13,101,c,MAIS BAHIA MAIS BRASIL,2,8321886,8321886,0,0,8321886,8321886
BA,5,Senador,Senador,PSOL,PSOL,50,102,f,FEDERAÇÃO PSOL REDE,1,215190,215190,0,0,215190,215190
BA,5,Senador,Senador,REDE,REDE,18,102,f,FEDERAÇÃO PSOL REDE,1,50929,50929,0,0,50929,50929
BA,5,Senador,Senador,PCO,PCO,29,,i,PARTIDO DA CAUSA OPERÁRIA,1,4920,4920,0,0,4920,4920
BA,5,Senador,Senador,DC,DC,27,,i,DEMOCRACIA CRISTÃ,1,13173,13173,0,0,13173,13173
BA,5,Senador,Senador,UP,UP,80,,i,UNIDADE POPULAR,1,12609,12609,0,0,12609,12609
BA,5,Senador,Senador,PL,PL,22,,c,UNIDOS PARA MUDAR A BAHIA,1,2879443,2879443,0,0,2879443,2879443
BA,5,Senador,Senador,REPUBLICANOS,REPUBLICANOS,10,,c,UNIDOS PARA MUDAR A BAHIA,1,2898885,2898885,0,0,2898885,2898885
BA,5,Senador,Senador,MOBILIZA,MOBILIZA,33,,i,MOBILIZAÇÃO NACIONAL,1,21374,21374,0,0,21374,21374
BA,6,Deputado Federal,Dep. Federal,MISSAO,MISSÃO,14,,i,PARTIDO MISSÃO,21,30341,30341,4585,4585,30341,30341
BA,6,Deputado Federal,Dep. Federal,REDE,REDE,18,102,f,FEDERAÇÃO PSOL REDE,10,9672,9672,1042,1042,9672,9672
BA,6,Deputado Federal,Dep. Federal,PSOL,PSOL,50,102,f,FEDERAÇÃO PSOL REDE,29,72628,72628,3829,3829,72628,72628
BA,6,Deputado Federal,Dep. Federal,NOVO,NOVO,30,,i,PARTIDO NOVO,32,19534,19534,1139,1139,19534,19534
BA,6,Deputado Federal,Dep. Federal,AGIR,AGIR,36,,i,AGIR,3,326,326,1063,1063,326,326
BA,6,Deputado Federal,Dep. Federal,PSD,PSD,55,,i,PARTIDO SOCIAL DEMOCRÁTICO,24,1167727,1167727,22709,22709,1167727,1167727
BA,6,Deputado Federal,Dep. Federal,PDT,PDT,12,,i,PARTIDO DEMOCRÁTICO TRABALHISTA,40,177163,177238,23818,23818,177238,177163
BA,6,Deputado Federal,Dep. Federal,MDB,MDB,15,,i,MOVIMENTO DEMOCRÁTICO BRASILEIRO,36,360022,360022,5943,5943,360022,360022
BA,6,Deputado Federal,Dep. Federal,AVANTE,AVANTE,70,,i,AVANTE,35,610465,610465,5631,5631,610465,610465
BA,6,Deputado Federal,Dep. Federal,DC,DC,27,,i,DEMOCRACIA CRISTÃ,6,846,846,277,277,846,846
BA,6,Deputado Federal,Dep. Federal,PSB,PSB,40,,i,PARTIDO SOCIALISTA BRASILEIRO,29,338991,338991,3426,3426,338991,338991
BA,6,Deputado Federal,Dep. Federal,REPUBLICANOS,REPUBLICANOS,10,,i,REPUBLICANOS,40,660015,660015,10689,10689,660015,660015
BA,6,Deputado Federal,Dep. Federal,PP,PP,11,104,f,FEDERAÇÃO UNIÃO PROGRESSISTA,12,406431,406431,15011,15011,406431,406431
BA,6,Deputado Federal,Dep. Federal,UNIAO,UNIÃO,44,104,f,FEDERAÇÃO UNIÃO PROGRESSISTA,28,1063890,1063890,19292,19292,1063890,1063890
BA,6,Deputado Federal,Dep. Federal,PV,PV,43,101,f,FEDERAÇÃO BRASIL DA ESPERANÇA - FE BRASIL,8,119963,119963,6049,6049,119963,119963
BA,6,Deputado Federal,Dep. Federal,PT,PT,13,101,f,FEDERAÇÃO BRASIL DA ESPERANÇA - FE BRASIL,20,1361897,1361897,109626,109626,1361897,1361897
BA,6,Deputado Federal,Dep. Federal,PCDOB,PCDOB,65,101,f,FEDERAÇÃO BRASIL DA ESPERANÇA - FE BRASIL,3,352306,352306,10285,10285,352306,352306
BA,6,Deputado Federal,Dep. Federal,PRD,PRD,25,103,f,FEDERAÇÃO RENOVAÇÃO SOLIDÁRIA,11,4242,4242,2044,2044,4242,4242
BA,6,Deputado Federal,Dep. Federal,SOLIDARIEDADE,SOLIDARIEDADE,77,103,f,FEDERAÇÃO RENOVAÇÃO SOLIDÁRIA,24,10471,10471,1760,1760,10471,10471
BA,6,Deputado Federal,Dep. Federal,PODE,PODE,20,,i,PODEMOS,15,3422,3422,994,994,3422,3422
BA,6,Deputado Federal,Dep. Federal,PL,PL,22,,i,PARTIDO LIBERAL,35,744702,744702,22526,22526,744702,744702
BA,6,Deputado Federal,Dep. Federal,CIDADANIA,CIDADANIA,23,100,f,FEDERAÇÃO PSDB CIDADANIA,6,3273,3273,2520,2520,3273,3273
BA,6,Deputado Federal,Dep. Federal,PSDB,PSDB,45,100,f,FEDERAÇÃO PSDB CIDADANIA,33,481594,481594,5888,5888,481594,481594
BA,6,Deputado Federal,Dep. Federal,UP,UP,80,,i,UNIDADE POPULAR,2,1349,1349,400,400,1349,1349
BA,7,Deputado Estadual,Dep. Estadual/Distrital,AVANTE,AVANTE,70,,i,AVANTE,49,679147,702621,18430,18430,702621,679147
BA,7,Deputado Estadual,Dep. Estadual/Distrital,REPUBLICANOS,REPUBLICANOS,10,,i,REPUBLICANOS,61,430121,430121,62419,62419,430121,430121
BA,7,Deputado Estadual,Dep. Estadual/Distrital,PDT,PDT,12,,i,PARTIDO DEMOCRÁTICO TRABALHISTA,49,611245,611245,24895,24895,611245,611245
BA,7,Deputado Estadual,Dep. Estadual/Distrital,MOBILIZA,MOBILIZA,33,,i,MOBILIZAÇÃO NACIONAL,46,8089,8089,2628,2628,8089,8089
BA,7,Deputado Estadual,Dep. Estadual/Distrital,PSB,PSB,40,,i,PARTIDO SOCIALISTA BRASILEIRO,25,50082,50082,7447,7447,50082,50082
BA,7,Deputado Estadual,Dep. Estadual/Distrital,PSD,PSD,55,,i,PARTIDO SOCIAL DEMOCRÁTICO,17,1082244,1082244,41192,41192,1082244,1082244
BA,7,Deputado Estadual,Dep. Estadual/Distrital,PCDOB,PCDOB,65,101,f,FEDERAÇÃO BRASIL DA ESPERANÇA - FE BRASIL,9,268630,268630,11697,11697,268630,268630
BA,7,Deputado Estadual,Dep. Estadual/Distrital,PT,PT,13,101,f,FEDERAÇÃO BRASIL DA ESPERANÇA - FE BRASIL,30,1345045,1345045,403053,403053,1345045,1345045
BA,7,Deputado Estadual,Dep. Estadual/Distrital,PV,PV,43,101,f,FEDERAÇÃO BRASIL DA ESPERANÇA - FE BRASIL,13,289306,289306,9368,9368,289306,289306
BA,7,Deputado Estadual,Dep. Estadual/Distrital,MISSAO,MISSÃO,14,,i,PARTIDO MISSÃO,3,20250,20250,6122,6122,20250,20250
BA,7,Deputado Estadual,Dep. Estadual/Distrital,MDB,MDB,15,,i,MOVIMENTO DEMOCRÁTICO BRASILEIRO,56,317545,317545,13628,13628,317545,317545
BA,7,Deputado Estadual,Dep. Estadual/Distrital,REDE,REDE,18,102,f,FEDERAÇÃO PSOL REDE,8,10871,10871,1850,1850,10871,10871
BA,7,Deputado Estadual,Dep. Estadual/Distrital,PSOL,PSOL,50,102,f,FEDERAÇÃO PSOL REDE,35,188088,188088,6249,6249,188088,188088
BA,7,Deputado Estadual,Dep. Estadual/Distrital,UP,UP,80,,i,UNIDADE POPULAR,2,1855,1855,468,468,1855,1855
BA,7,Deputado Estadual,Dep. Estadual/Distrital,DC,DC,27,,i,DEMOCRACIA CRISTÃ,22,3871,3871,374,374,3871,3871
BA,7,Deputado Estadual,Dep. Estadual/Distrital,AGIR,AGIR,36,,i,AGIR,13,3096,3096,1104,1104,3096,3096
BA,7,Deputado Estadual,Dep. Estadual/Distrital,UNIAO,UNIÃO,44,104,f,FEDERAÇÃO UNIÃO PROGRESSISTA,41,680913,680913,41532,41532,680913,680913
BA,7,Deputado Estadual,Dep. Estadual/Distrital,PP,PP,11,104,f,FEDERAÇÃO UNIÃO PROGRESSISTA,13,304039,304039,18690,18690,304039,304039
BA,7,Deputado Estadual,Dep. Estadual/Distrital,CIDADANIA,CIDADANIA,23,100,f,FEDERAÇÃO PSDB CIDADANIA,9,14944,14944,2572,2572,14944,14944
BA,7,Deputado Estadual,Dep. Estadual/Distrital,PSDB,PSDB,45,100,f,FEDERAÇÃO PSDB CIDADANIA,50,256571,256571,22337,22337,256571,256571
BA,7,Deputado Estadual,Dep. Estadual/Distrital,PL,PL,22,,i,PARTIDO LIBERAL,61,817262,817262,84436,84436,817262,817262
CE,3,Governador,Governador,PSDB,PSDB,45,100,c,UNIR PARA MUDAR,1,2498891,2498891,0,0,2498891,2498891
CE,3,Governador,Governador,PT,PT,13,101,c,CEARÁ FORTE DO LADO CERTO,1,2875573,2875573,0,0,2875573,2875573
CE,3,Governador,Governador,NOVO,NOVO,30,,i,PARTIDO NOVO,1,5701,5701,0,0,5701,5701
CE,3,Governador,Governador,PSTU,PSTU,16,,i,PARTIDO SOCIALISTA  DOS TRABALHADORES UNIFICADO,1,2161,2161,0,0,2161,2161
CE,3,Governador,Governador,MISSAO,MISSÃO,14,,i,PARTIDO MISSÃO,1,17219,17219,0,0,17219,17219
CE,3,Governador,Governador,PCO,PCO,29,,i,PARTIDO DA CAUSA OPERÁRIA,1,463,463,0,0,463,463
CE,3,Governador,Governador,DEMOCRATA,DEMOCRATA,35,,i,DEMOCRATA,1,1743,1743,0,0,1743,1743
CE,3,Governador,Governador,UP,UP,80,,i,UNIDADE POPULAR,1,4344,4344,0,0,4344,4344
CE,5,Senador,Senador,PCO,PCO,29,,i,PARTIDO DA CAUSA OPERÁRIA,1,0,2677,0,0,2677,0
CE,5,Senador,Senador,UP,UP,80,,i,UNIDADE POPULAR,1,39185,39185,0,0,39185,39185
CE,5,Senador,Senador,PSTU,PSTU,16,,i,PARTIDO SOCIALISTA  DOS TRABALHADORES UNIFICADO,1,7065,7065,0,0,7065,7065
CE,5,Senador,Senador,PSB,PSB,40,,c,"CEARÁ FORTE, DO LADO CERTO",1,3033562,3033562,0,0,3033562,3033562
CE,5,Senador,Senador,REDE,REDE,18,102,c,"CEARÁ FORTE, DO LADO CERTO",1,2822806,2822806,0,0,2822806,2822806
CE,5,Senador,Senador,UNIAO,UNIÃO,44,104,c,UNIR PARA MUDAR,1,2011388,2011388,0,0,2011388,2011388
CE,5,Senador,Senador,PL,PL,22,,c,UNIR PARA MUDAR,1,1776782,1776782,0,0,1776782,1776782
CE,5,Senador,Senador,NOVO,NOVO,30,,i,PARTIDO NOVO,1,24218,24218,0,0,24218,24218
CE,6,Deputado Federal,Dep. Federal,AVANTE,AVANTE,70,,i,AVANTE,6,1163,1163,554,554,1163,1163
CE,6,Deputado Federal,Dep. Federal,MOBILIZA,MOBILIZA,33,,i,MOBILIZAÇÃO NACIONAL,5,1171,1171,1542,1542,1171,1171
CE,6,Deputado Federal,Dep. Federal,MDB,MDB,15,,i,MOVIMENTO DEMOCRÁTICO BRASILEIRO,19,401874,401874,5944,5944,401874,401874
CE,6,Deputado Federal,Dep. Federal,NOVO,NOVO,30,,i,PARTIDO NOVO,13,6033,6033,502,502,6033,6033
CE,6,Deputado Federal,Dep. Federal,PCDOB,PCDOB,65,101,f,FEDERAÇÃO BRASIL DA ESPERANÇA - FE BRASIL,2,29333,29333,644,644,29333,29333
CE,6,Deputado Federal,Dep. Federal,PV,PV,43,101,f,FEDERAÇÃO BRASIL DA ESPERANÇA - FE BRASIL,3,84401,84401,2459,2459,84401,84401
CE,6,Deputado Federal,Dep. Federal,PT,PT,13,101,f,FEDERAÇÃO BRASIL DA ESPERANÇA - FE BRASIL,15,557189,557189,41240,41240,557189,557189
CE,6,Deputado Federal,Dep. Federal,DC,DC,27,,i,DEMOCRACIA CRISTÃ,4,503,503,173,173,503,503
CE,6,Deputado Federal,Dep. Federal,MISSAO,MISSÃO,14,,i,PARTIDO MISSÃO,6,16106,16106,2935,2935,16106,16106
CE,6,Deputado Federal,Dep. Federal,PCO,PCO,29,,i,PARTIDO DA CAUSA OPERÁRIA,3,248,248,317,317,248,248
CE,6,Deputado Federal,Dep. Federal,PSD,PSD,55,,i,PARTIDO SOCIAL DEMOCRÁTICO,19,562185,562185,5717,5717,562185,562185
CE,6,Deputado Federal,Dep. Federal,PRD,PRD,25,103,f,FEDERAÇÃO RENOVAÇÃO SOLIDÁRIA,10,289670,289670,3307,3307,289670,289670
CE,6,Deputado Federal,Dep. Federal,SOLIDARIEDADE,SOLIDARIEDADE,77,103,f,FEDERAÇÃO RENOVAÇÃO SOLIDÁRIA,11,129539,129539,2085,2085,129539,129539
CE,6,Deputado Federal,Dep. Federal,UP,UP,80,,i,UNIDADE POPULAR,3,3829,3829,239,239,3829,3829
CE,6,Deputado Federal,Dep. Federal,PSB,PSB,40,,i,PARTIDO SOCIALISTA BRASILEIRO,13,846343,846343,22896,22896,846343,846343
CE,6,Deputado Federal,Dep. Federal,PL,PL,22,,i,PARTIDO LIBERAL,22,1089187,1089187,16163,16163,1089187,1089187
CE,6,Deputado Federal,Dep. Federal,PODE,PODE,20,,i,PODEMOS,17,19947,19947,864,864,19947,19947
CE,6,Deputado Federal,Dep. Federal,PSOL,PSOL,50,102,f,FEDERAÇÃO PSOL REDE,14,169607,169607,3141,3141,169607,169607
CE,6,Deputado Federal,Dep. Federal,REDE,REDE,18,102,f,FEDERAÇÃO PSOL REDE,7,12776,12776,5924,5924,12776,12776
CE,6,Deputado Federal,Dep. Federal,UNIAO,UNIÃO,44,104,f,FEDERAÇÃO UNIÃO PROGRESSISTA,18,397645,397645,7834,7834,397645,397645
CE,6,Deputado Federal,Dep. Federal,PP,PP,11,104,f,FEDERAÇÃO UNIÃO PROGRESSISTA,3,225991,225991,10031,10031,225991,225991
CE,6,Deputado Federal,Dep. Federal,PSDB,PSDB,45,100,f,FEDERAÇÃO PSDB CIDADANIA,16,78992,78992,8517,8517,78992,78992
CE,6,Deputado Federal,Dep. Federal,CIDADANIA,CIDADANIA,23,100,f,FEDERAÇÃO PSDB CIDADANIA,5,80144,80144,1768,1768,80144,80144
CE,6,Deputado Federal,Dep. Federal,REPUBLICANOS,REPUBLICANOS,10,,i,REPUBLICANOS,11,197007,197007,5682,5682,197007,197007
CE,6,Deputado Federal,Dep. Federal,PDT,PDT,12,,i,PARTIDO DEMOCRÁTICO TRABALHISTA,20,154806,154806,15475,15475,154806,154806
CE,7,Deputado Estadual,Dep. Estadual/Distrital,REPUBLICANOS,REPUBLICANOS,10,,i,REPUBLICANOS,33,264807,264807,8096,8096,264807,264807
CE,7,Deputado Estadual,Dep. Estadual/Distrital,PL,PL,22,,i,PARTIDO LIBERAL,34,687150,687150,39440,39440,687150,687150
CE,7,Deputado Estadual,Dep. Estadual/Distrital,MDB,MDB,15,,i,MOVIMENTO DEMOCRÁTICO BRASILEIRO,16,196745,196953,10363,10363,196953,196745
CE,7,Deputado Estadual,Dep. Estadual/Distrital,PSOL,PSOL,50,102,f,FEDERAÇÃO PSOL REDE,16,221623,221623,4052,4052,221623,221623
CE,7,Deputado Estadual,Dep. Estadual/Distrital,REDE,REDE,18,102,f,FEDERAÇÃO PSOL REDE,7,2868,2868,48489,48489,2868,2868
CE,7,Deputado Estadual,Dep. Estadual/Distrital,PDT,PDT,12,,i,PARTIDO DEMOCRÁTICO TRABALHISTA,15,10433,10433,10373,10373,10433,10433
CE,7,Deputado Estadual,Dep. Estadual/Distrital,PODE,PODE,20,,i,PODEMOS,2,977,977,1314,1314,977,977
CE,7,Deputado Estadual,Dep. Estadual/Distrital,PSB,PSB,40,,i,PARTIDO SOCIALISTA BRASILEIRO,31,1273750,1273750,109540,109540,1273750,1273750
CE,7,Deputado Estadual,Dep. Estadual/Distrital,PV,PV,43,101,f,FEDERAÇÃO BRASIL DA ESPERANÇA - FE BRASIL,6,76436,76436,3482,3482,76436,76436
CE,7,Deputado Estadual,Dep. Estadual/Distrital,PT,PT,13,101,f,FEDERAÇÃO BRASIL DA ESPERANÇA - FE BRASIL,24,1167951,1167951,56650,56650,1167951,1167951
CE,7,Deputado Estadual,Dep. Estadual/Distrital,PCDOB,PCDOB,65,101,f,FEDERAÇÃO BRASIL DA ESPERANÇA - FE BRASIL,3,7055,7055,1074,1074,7055,7055
CE,7,Deputado Estadual,Dep. Estadual/Distrital,PRD,PRD,25,103,f,FEDERAÇÃO RENOVAÇÃO SOLIDÁRIA,10,47239,47239,4477,4477,47239,47239
CE,7,Deputado Estadual,Dep. Estadual/Distrital,SOLIDARIEDADE,SOLIDARIEDADE,77,103,f,FEDERAÇÃO RENOVAÇÃO SOLIDÁRIA,12,59666,59666,2961,2961,59666,59666
CE,7,Deputado Estadual,Dep. Estadual/Distrital,PSD,PSD,55,,i,PARTIDO SOCIAL DEMOCRÁTICO,19,306960,306960,10510,10510,306960,306960
CE,7,Deputado Estadual,Dep. Estadual/Distrital,UNIAO,UNIÃO,44,104,f,FEDERAÇÃO UNIÃO PROGRESSISTA,29,166556,166556,31268,31268,166556,166556
CE,7,Deputado Estadual,Dep. Estadual/Distrital,PP,PP,11,104,f,FEDERAÇÃO UNIÃO PROGRESSISTA,12,121911,121911,7478,7478,121911,121911
CE,7,Deputado Estadual,Dep. Estadual/Distrital,NOVO,NOVO,30,,i,PARTIDO NOVO,15,5724,5724,1002,1002,5724,5724
CE,7,Deputado Estadual,Dep. Estadual/Distrital,MOBILIZA,MOBILIZA,33,,i,MOBILIZAÇÃO NACIONAL,31,68088,68088,1555,1555,68088,68088
CE,7,Deputado Estadual,Dep. Estadual/Distrital,UP,UP,80,,i,UNIDADE POPULAR,2,1453,1453,519,519,1453,1453
CE,7,Deputado Estadual,Dep. Estadual/Distrital,PSTU,PSTU,16,,i,PARTIDO SOCIALISTA  DOS TRABALHADORES UNIFICADO,2,406,406,595,595,406,406
CE,7,Deputado Estadual,Dep. Estadual/Distrital,PSDB,PSDB,45,100,f,FEDERAÇÃO PSDB CIDADANIA,32,393099,393099,19150,19150,393099,393099
CE,7,Deputado Estadual,Dep. Estadual/Distrital,CIDADANIA,CIDADANIA,23,100,f,FEDERAÇÃO PSDB CIDADANIA,0,0,0,2287,2287,0,0
DF,8,Deputado Distrital,Dep. Estadual/Distrital,MOBILIZA,MOBILIZA,33,,i,MOBILIZAÇÃO NACIONAL,25,65202,65202,566,566,65202,65202
DF,8,Deputado Distrital,Dep. Estadual/Distrital,PT,PT,13,101,f,FEDERAÇÃO BRASIL DA ESPERANÇA - FE BRASIL,19,156024,156024,19724,19724,156024,156024
DF,8,Deputado Distrital,Dep. Estadual/Distrital,PV,PV,43,101,f,FEDERAÇÃO BRASIL DA ESPERANÇA - FE BRASIL,3,4288,4288,418,418,4288,4288
DF,8,Deputado Distrital,Dep. Estadual/Distrital,PCDOB,PCDOB,65,101,f,FEDERAÇÃO BRASIL DA ESPERANÇA - FE BRASIL,2,4253,4253,128,128,4253,4253
DF,8,Deputado Distrital,Dep. Estadual/Distrital,PDT,PDT,12,,i,PARTIDO DEMOCRÁTICO TRABALHISTA,25,29869,29869,5787,5787,29869,29869
DF,8,Deputado Distrital,Dep. Estadual/Distrital,PSD,PSD,55,,i,PARTIDO SOCIAL DEMOCRÁTICO,25,71470,71470,1154,1154,71470,71470
DF,8,Deputado Distrital,Dep. Estadual/Distrital,REPUBLICANOS,REPUBLICANOS,10,,i,REPUBLICANOS,23,184686,184686,3502,3502,184686,184686
DF,8,Deputado Distrital,Dep. Estadual/Distrital,PSDB,PSDB,45,100,f,FEDERAÇÃO PSDB CIDADANIA,23,7542,7542,930,930,7542,7542
DF,8,Deputado Distrital,Dep. Estadual/Distrital,CIDADANIA,CIDADANIA,23,100,f,FEDERAÇÃO PSDB CIDADANIA,0,0,0,452,452,0,0
DF,8,Deputado Distrital,Dep. Estadual/Distrital,DC,DC,27,,i,DEMOCRACIA CRISTÃ,25,34236,34236,320,320,34236,34236
DF,8,Deputado Distrital,Dep. Estadual/Distrital,PL,PL,22,,i,PARTIDO LIBERAL,24,252762,252762,19817,19817,252762,252762
DF,8,Deputado Distrital,Dep. Estadual/Distrital,NOVO,NOVO,30,,i,PARTIDO NOVO,25,22567,22567,1692,1692,22567,22567
DF,8,Deputado Distrital,Dep. Estadual/Distrital,PSB,PSB,40,,i,PARTIDO SOCIALISTA BRASILEIRO,16,93599,93599,1699,1699,93599,93599
DF,8,Deputado Distrital,Dep. Estadual/Distrital,AVANTE,AVANTE,70,,i,AVANTE,25,46628,46628,574,574,46628,46628
DF,8,Deputado Distrital,Dep. Estadual/Distrital,UP,UP,80,,i,UNIDADE POPULAR,2,682,682,172,172,682,682
DF,8,Deputado Distrital,Dep. Estadual/Distrital,REDE,REDE,18,102,f,FEDERAÇÃO PSOL REDE,6,2801,2801,227,227,2801,2801
DF,8,Deputado Distrital,Dep. Estadual/Distrital,PSOL,PSOL,50,102,f,FEDERAÇÃO PSOL REDE,16,150900,150900,2866,2866,150900,150900
DF,8,Deputado Distrital,Dep. Estadual/Distrital,PODE,PODE,20,,i,PODEMOS,25,87866,87866,1106,1106,87866,87866
DF,8,Deputado Distrital,Dep. Estadual/Distrital,DEMOCRATA,DEMOCRATA,35,,i,DEMOCRATA,25,38554,38554,496,496,38554,38554
DF,8,Deputado Distrital,Dep. Estadual/Distrital,MISSAO,MISSÃO,14,,i,PARTIDO MISSÃO,13,12534,12534,1568,1568,12534,12534
DF,8,Deputado Distrital,Dep. Estadual/Distrital,SOLIDARIEDADE,SOLIDARIEDADE,77,103,f,FEDERAÇÃO RENOVAÇÃO SOLIDÁRIA,18,4592,4876,152,152,4876,4592
DF,8,Deputado Distrital,Dep. Estadual/Distrital,PRD,PRD,25,103,f,FEDERAÇÃO RENOVAÇÃO SOLIDÁRIA,7,1018,1669,339,339,1669,1018
DF,8,Deputado Distrital,Dep. Estadual/Distrital,MDB,MDB,15,,i,MOVIMENTO DEMOCRÁTICO BRASILEIRO,18,157922,157922,3379,3379,157922,157922
DF,8,Deputado Distrital,Dep. Estadual/Distrital,UNIAO,UNIÃO,44,104,f,FEDERAÇÃO UNIÃO PROGRESSISTA,12,88321,88321,1544,1544,88321,88321
DF,8,Deputado Distrital,Dep. Estadual/Distrital,PP,PP,11,104,f,FEDERAÇÃO UNIÃO PROGRESSISTA,13,108662,108662,3019,3019,108662,108662
ES,3,Governador,Governador,REPUBLICANOS,REPUBLICANOS,10,,c,PAZ PRA VIVER UM NOVO TEMPO,1,1048633,1048633,0,0,1048633,1048633
ES,3,Governador,Governador,MDB,MDB,15,,c,AGORA É O FUTURO,1,719397,719397,0,0,719397,719397
ES,3,Governador,Governador,PT,PT,13,101,f,FEDERAÇÃO BRASIL DA ESPERANÇA - FE BRASIL,1,323483,323483,0,0,323483,323483
ES,3,Governador,Governador,UP,UP,80,,i,UNIDADE POPULAR,1,2670,2670,0,0,2670,2670
ES,3,Governador,Governador,MISSAO,MISSÃO,14,,i,PARTIDO MISSÃO,1,17988,17988,0,0,17988,17988
ES,5,Senador,Senador,PSB,PSB,40,,c,AGORA É O FUTURO,1,995361,995361,0,0,995361,995361
ES,5,Senador,Senador,MDB,MDB,15,,c,AGORA É O FUTURO,1,164383,164383,0,0,164383,164383
ES,5,Senador,Senador,REPUBLICANOS,REPUBLICANOS,10,,c,PAZ PRA VIVER UM NOVO TEMPO,1,982978,982978,0,0,982978,982978
ES,5,Senador,Senador,PL,PL,22,,c,PAZ PRA VIVER UM NOVO TEMPO,1,761722,761722,0,0,761722,761722
ES,5,Senador,Senador,PSD,PSD,55,,i,PARTIDO SOCIAL DEMOCRÁTICO,1,301897,301897,0,0,301897,301897
ES,5,Senador,Senador,AVANTE,AVANTE,70,,i,AVANTE,1,167900,167900,0,0,167900,167900
ES,5,Senador,Senador,DC,DC,27,,c,SENADO FORTE,1,50150,50150,0,0,50150,50150
ES,5,Senador,Senador,PT,PT,13,101,f,FEDERAÇÃO BRASIL DA ESPERANÇA - FE BRASIL,1,521431,521431,0,0,521431,521431
ES,5,Senador,Senador,PRTB,PRTB,28,,i,PARTIDO RENOVADOR TRABALHISTA BRASILEIRO,1,15698,15698,0,0,15698,15698
ES,5,Senador,Senador,NOVO,NOVO,30,,i,PARTIDO NOVO,1,25505,25505,0,0,25505,25505
ES,5,Senador,Senador,PSOL,PSOL,50,102,f,FEDERAÇÃO PSOL REDE,1,42902,42902,0,0,42902,42902
ES,6,Deputado Federal,Dep. Federal,PSB,PSB,40,,i,PARTIDO SOCIALISTA BRASILEIRO,11,288175,288175,6721,6721,288175,288175
ES,6,Deputado Federal,Dep. Federal,NOVO,NOVO,30,,i,PARTIDO NOVO,10,8310,8310,654,654,8310,8310
ES,6,Deputado Federal,Dep. Federal,AVANTE,AVANTE,70,,i,AVANTE,11,4630,4630,393,393,4630,4630
ES,6,Deputado Federal,Dep. Federal,UP,UP,80,,i,UNIDADE POPULAR,2,771,771,63,63,771,771
ES,6,Deputado Federal,Dep. Federal,PP,PP,11,104,f,FEDERAÇÃO UNIÃO PROGRESSISTA,5,177214,177214,5626,5626,177214,177214
ES,6,Deputado Federal,Dep. Federal,UNIAO,UNIÃO,44,104,f,FEDERAÇÃO UNIÃO PROGRESSISTA,6,273863,273863,3672,3672,273863,273863
ES,6,Deputado Federal,Dep. Federal,PRD,PRD,25,103,f,FEDERAÇÃO RENOVAÇÃO SOLIDÁRIA,3,2775,2775,351,351,2775,2775
ES,6,Deputado Federal,Dep. Federal,SOLIDARIEDADE,SOLIDARIEDADE,77,103,f,FEDERAÇÃO RENOVAÇÃO SOLIDÁRIA,7,1223,1223,148,148,1223,1223
ES,6,Deputado Federal,Dep. Federal,PT,PT,13,101,f,FEDERAÇÃO BRASIL DA ESPERANÇA - FE BRASIL,7,281732,281732,16699,16699,281732,281732
ES,6,Deputado Federal,Dep. Federal,PCDOB,PCDOB,65,101,f,FEDERAÇÃO BRASIL DA ESPERANÇA - FE BRASIL,2,16680,16680,276,276,16680,16680
ES,6,Deputado Federal,Dep. Federal,PV,PV,43,101,f,FEDERAÇÃO BRASIL DA ESPERANÇA - FE BRASIL,2,361,361,191,191,361,361
ES,6,Deputado Federal,Dep. Federal,PL,PL,22,,i,PARTIDO LIBERAL,11,527677,527677,11416,11416,527677,527677
ES,6,Deputado Federal,Dep. Federal,MISSAO,MISSÃO,14,,i,PARTIDO MISSÃO,10,13757,13757,1380,1380,13757,13757
ES,6,Deputado Federal,Dep. Federal,PSD,PSD,55,,i,PARTIDO SOCIAL DEMOCRÁTICO,7,11040,11040,1233,1233,11040,11040
ES,6,Deputado Federal,Dep. Federal,REPUBLICANOS,REPUBLICANOS,10,,i,REPUBLICANOS,11,181734,181734,4454,4454,181734,181734
ES,6,Deputado Federal,Dep. Federal,REDE,REDE,18,102,f,FEDERAÇÃO PSOL REDE,0,0,0,553,553,0,0
ES,6,Deputado Federal,Dep. Federal,PSOL,PSOL,50,102,f,FEDERAÇÃO PSOL REDE,6,29710,29710,1576,1576,29710,29710
ES,6,Deputado Federal,Dep. Federal,PODE,PODE,20,,i,PODEMOS,11,253851,253851,3940,3940,253851,253851
ES,6,Deputado Federal,Dep. Federal,DC,DC,27,,i,DEMOCRACIA CRISTÃ,6,1055,1055,502,502,1055,1055
ES,6,Deputado Federal,Dep. Federal,DEMOCRATA,DEMOCRATA,35,,i,DEMOCRATA,2,340,340,239,239,340,340
ES,7,Deputado Estadual,Dep. Estadual/Distrital,CIDADANIA,CIDADANIA,23,100,f,FEDERAÇÃO PSDB CIDADANIA,0,0,0,657,657,0,0
ES,7,Deputado Estadual,Dep. Estadual/Distrital,PSDB,PSDB,45,100,f,FEDERAÇÃO PSDB CIDADANIA,24,53893,56369,1957,1957,56369,53893
ES,7,Deputado Estadual,Dep. Estadual/Distrital,PSOL,PSOL,50,102,f,FEDERAÇÃO PSOL REDE,11,68585,68585,1364,1364,68585,68585
ES,7,Deputado Estadual,Dep. Estadual/Distrital,REDE,REDE,18,102,f,FEDERAÇÃO PSOL REDE,10,1238,1238,291,291,1238,1238
ES,7,Deputado Estadual,Dep. Estadual/Distrital,DC,DC,27,,i,DEMOCRACIA CRISTÃ,29,39106,39106,829,829,39106,39106
ES,7,Deputado Estadual,Dep. Estadual/Distrital,AGIR,AGIR,36,,i,AGIR,31,143168,143168,1705,1705,143168,143168
ES,7,Deputado Estadual,Dep. Estadual/Distrital,NOVO,NOVO,30,,i,PARTIDO NOVO,26,12014,12077,812,812,12077,12014
ES,7,Deputado Estadual,Dep. Estadual/Distrital,DEMOCRATA,DEMOCRATA,35,,i,DEMOCRATA,25,9114,9114,345,345,9114,9114
ES,7,Deputado Estadual,Dep. Estadual/Distrital,PV,PV,43,101,f,FEDERAÇÃO BRASIL DA ESPERANÇA - FE BRASIL,3,338,1958,268,268,1958,338
ES,7,Deputado Estadual,Dep. Estadual/Distrital,PT,PT,13,101,f,FEDERAÇÃO BRASIL DA ESPERANÇA - FE BRASIL,22,172179,172179,23079,23079,172179,172179
ES,7,Deputado Estadual,Dep. Estadual/Distrital,PCDOB,PCDOB,65,101,f,FEDERAÇÃO BRASIL DA ESPERANÇA - FE BRASIL,2,3906,3906,417,417,3906,3906
ES,7,Deputado Estadual,Dep. Estadual/Distrital,PODE,PODE,20,,i,PODEMOS,31,238975,238975,5054,5054,238975,238975
ES,7,Deputado Estadual,Dep. Estadual/Distrital,SOLIDARIEDADE,SOLIDARIEDADE,77,103,f,FEDERAÇÃO RENOVAÇÃO SOLIDÁRIA,13,3019,3019,197,197,3019,3019
ES,7,Deputado Estadual,Dep. Estadual/Distrital,PRD,PRD,25,103,f,FEDERAÇÃO RENOVAÇÃO SOLIDÁRIA,2,1107,1107,645,645,1107,1107
ES,7,Deputado Estadual,Dep. Estadual/Distrital,PSB,PSB,40,,i,PARTIDO SOCIALISTA BRASILEIRO,31,184065,184065,25836,25836,184065,184065
ES,7,Deputado Estadual,Dep. Estadual/Distrital,PDT,PDT,12,,i,PARTIDO DEMOCRÁTICO TRABALHISTA,24,53415,53415,2789,2789,53415,53415
ES,7,Deputado Estadual,Dep. Estadual/Distrital,MDB,MDB,15,,i,MOVIMENTO DEMOCRÁTICO BRASILEIRO,28,242916,245429,6624,6624,245429,242916
ES,7,Deputado Estadual,Dep. Estadual/Distrital,REPUBLICANOS,REPUBLICANOS,10,,i,REPUBLICANOS,19,138380,144100,13403,13403,144100,138380
ES,7,Deputado Estadual,Dep. Estadual/Distrital,PL,PL,22,,i,PARTIDO LIBERAL,31,371707,371707,17823,17823,371707,371707
ES,7,Deputado Estadual,Dep. Estadual/Distrital,UNIAO,UNIÃO,44,104,f,FEDERAÇÃO UNIÃO PROGRESSISTA,10,78493,78493,4413,4413,78493,78493
ES,7,Deputado Estadual,Dep. Estadual/Distrital,PP,PP,11,104,f,FEDERAÇÃO UNIÃO PROGRESSISTA,18,203002,203002,4508,4508,203002,203002
ES,7,Deputado Estadual,Dep. Estadual/Distrital,MISSAO,MISSÃO,14,,i,PARTIDO MISSÃO,3,9269,9269,1884,1884,9269,9269
GO,3,Governador,Governador,PL,PL,22,,c,GOIÁS QUE CRESCE,1,797141,797141,0,0,797141,797141
GO,3,Governador,Governador,UP,UP,80,,i,UNIDADE POPULAR,1,11632,11632,0,0,11632,11632
GO,3,Governador,Governador,PT,PT,13,101,c,GOIÁS PODE MAIS,1,356692,356692,0,0,356692,356692
GO,3,Governador,Governador,PCO,PCO,29,,i,PARTIDO DA CAUSA OPERÁRIA,1,1217,1217,0,0,1217,1217
GO,3,Governador,Governador,MDB,MDB,15,,c,PRA GOIÁS SEGUIR EM FRENTE,1,2148218,2148218,0,0,2148218,2148218
GO,3,Governador,Governador,PSDB,PSDB,45,100,c,GOIÁS PODE MUITO MAIS,1,315676,315676,0,0,315676,315676
GO,5,Senador,Senador,PRD,PRD,25,103,f,FEDERAÇÃO RENOVAÇÃO SOLIDÁRIA,1,578418,578418,0,0,578418,578418
GO,5,Senador,Senador,UNIAO,UNIÃO,44,104,f,FEDERAÇÃO UNIÃO PROGRESSISTA,1,1458522,1458522,0,0,1458522,1458522
GO,5,Senador,Senador,PL,PL,22,,c,GOIAS QUE CRESCE,2,2316177,2316177,0,0,2316177,2316177
GO,5,Senador,Senador,MDB,MDB,15,,i,MOVIMENTO DEMOCRÁTICO BRASILEIRO,1,998319,998319,0,0,998319,998319
GO,5,Senador,Senador,UP,UP,80,,i,UNIDADE POPULAR,1,7147,7147,0,0,7147,7147
GO,5,Senador,Senador,PSD,PSD,55,,i,PARTIDO SOCIAL DEMOCRÁTICO,1,633843,633843,0,0,633843,633843
GO,5,Senador,Senador,PSB,PSB,40,,c,GOIÁS PODE MAIS,1,348290,348290,0,0,348290,348290
GO,5,Senador,Senador,PSOL,PSOL,50,102,c,GOIÁS PODE MAIS,1,288637,288637,0,0,288637,288637
GO,5,Senador,Senador,PSDB,PSDB,45,100,c,GOIÁS DE VERDADE,1,28927,28927,0,0,28927,28927
GO,5,Senador,Senador,CIDADANIA,CIDADANIA,23,100,c,GOIÁS DE VERDADE,1,23714,23714,0,0,23714,23714
GO,6,Deputado Federal,Dep. Federal,MDB,MDB,15,,i,MOVIMENTO DEMOCRÁTICO BRASILEIRO,17,370116,370116,14906,14906,370116,370116
GO,6,Deputado Federal,Dep. Federal,NOVO,NOVO,30,,i,PARTIDO NOVO,18,118069,118113,1535,1535,118113,118069
GO,6,Deputado Federal,Dep. Federal,UNIAO,UNIÃO,44,104,f,FEDERAÇÃO UNIÃO PROGRESSISTA,11,471667,471667,11725,11725,471667,471667
GO,6,Deputado Federal,Dep. Federal,PP,PP,11,104,f,FEDERAÇÃO UNIÃO PROGRESSISTA,7,203576,203946,4382,4382,203946,203576
GO,6,Deputado Federal,Dep. Federal,PDT,PDT,12,,i,PARTIDO DEMOCRÁTICO TRABALHISTA,17,9560,9560,4595,4595,9560,9560
GO,6,Deputado Federal,Dep. Federal,MISSAO,MISSÃO,14,,i,PARTIDO MISSÃO,13,19752,19752,1933,1933,19752,19752
GO,6,Deputado Federal,Dep. Federal,REPUBLICANOS,REPUBLICANOS,10,,i,REPUBLICANOS,16,216217,216217,2342,2342,216217,216217
GO,6,Deputado Federal,Dep. Federal,REDE,REDE,18,102,f,FEDERAÇÃO PSOL REDE,3,627,627,1058,1058,627,627
GO,6,Deputado Federal,Dep. Federal,PSOL,PSOL,50,102,f,FEDERAÇÃO PSOL REDE,12,5714,5714,2631,2631,5714,5714
GO,6,Deputado Federal,Dep. Federal,PSDB,PSDB,45,100,f,FEDERAÇÃO PSDB CIDADANIA,15,119593,119593,5296,5296,119593,119593
GO,6,Deputado Federal,Dep. Federal,CIDADANIA,CIDADANIA,23,100,f,FEDERAÇÃO PSDB CIDADANIA,2,3190,3190,2107,2107,3190,3190
GO,6,Deputado Federal,Dep. Federal,PRD,PRD,25,103,f,FEDERAÇÃO RENOVAÇÃO SOLIDÁRIA,9,141702,141702,5596,5596,141702,141702
GO,6,Deputado Federal,Dep. Federal,SOLIDARIEDADE,SOLIDARIEDADE,77,103,f,FEDERAÇÃO RENOVAÇÃO SOLIDÁRIA,9,108718,108718,2454,2454,108718,108718
GO,6,Deputado Federal,Dep. Federal,DC,DC,27,,i,DEMOCRACIA CRISTÃ,14,2833,2833,146,146,2833,2833
GO,6,Deputado Federal,Dep. Federal,PSD,PSD,55,,i,PARTIDO SOCIAL DEMOCRÁTICO,11,376665,376665,7028,7028,376665,376665
GO,6,Deputado Federal,Dep. Federal,PODE,PODE,20,,i,PODEMOS,18,185211,185952,3911,3911,185952,185211
GO,6,Deputado Federal,Dep. Federal,PL,PL,22,,i,PARTIDO LIBERAL,18,619989,619989,22606,22606,619989,619989
GO,6,Deputado Federal,Dep. Federal,PSB,PSB,40,,i,PARTIDO SOCIALISTA BRASILEIRO,18,158249,158249,1789,1789,158249,158249
GO,6,Deputado Federal,Dep. Federal,PCDOB,PCDOB,65,101,f,FEDERAÇÃO BRASIL DA ESPERANÇA - FE BRASIL,2,5139,5139,457,457,5139,5139
GO,6,Deputado Federal,Dep. Federal,PT,PT,13,101,f,FEDERAÇÃO BRASIL DA ESPERANÇA - FE BRASIL,13,346074,346074,26741,26741,346074,346074
GO,6,Deputado Federal,Dep. Federal,PV,PV,43,101,f,FEDERAÇÃO BRASIL DA ESPERANÇA - FE BRASIL,2,372,372,272,272,372,372
GO,6,Deputado Federal,Dep. Federal,UP,UP,80,,i,UNIDADE POPULAR,2,1089,1089,112,112,1089,1089
GO,7,Deputado Estadual,Dep. Estadual/Distrital,PRD,PRD,25,103,f,FEDERAÇÃO RENOVAÇÃO SOLIDÁRIA,23,177023,177023,10849,10849,177023,177023
GO,7,Deputado Estadual,Dep. Estadual/Distrital,SOLIDARIEDADE,SOLIDARIEDADE,77,103,f,FEDERAÇÃO RENOVAÇÃO SOLIDÁRIA,16,139037,139037,2966,2966,139037,139037
GO,7,Deputado Estadual,Dep. Estadual/Distrital,PSOL,PSOL,50,102,f,FEDERAÇÃO PSOL REDE,16,2926,2926,5755,5755,2926,2926
GO,7,Deputado Estadual,Dep. Estadual/Distrital,REDE,REDE,18,102,f,FEDERAÇÃO PSOL REDE,10,1916,1916,697,697,1916,1916
GO,7,Deputado Estadual,Dep. Estadual/Distrital,REPUBLICANOS,REPUBLICANOS,10,,i,REPUBLICANOS,28,101212,101212,4425,4425,101212,101212
GO,7,Deputado Estadual,Dep. Estadual/Distrital,PSD,PSD,55,,i,PARTIDO SOCIAL DEMOCRÁTICO,16,147218,147218,15085,15085,147218,147218
GO,7,Deputado Estadual,Dep. Estadual/Distrital,PSB,PSB,40,,i,PARTIDO SOCIALISTA BRASILEIRO,28,78562,78562,12887,12887,78562,78562
GO,7,Deputado Estadual,Dep. Estadual/Distrital,PT,PT,13,101,f,FEDERAÇÃO BRASIL DA ESPERANÇA - FE BRASIL,37,302516,302516,28748,28748,302516,302516
GO,7,Deputado Estadual,Dep. Estadual/Distrital,PV,PV,43,101,f,FEDERAÇÃO BRASIL DA ESPERANÇA - FE BRASIL,3,474,474,520,520,474,474
GO,7,Deputado Estadual,Dep. Estadual/Distrital,PCDOB,PCDOB,65,101,f,FEDERAÇÃO BRASIL DA ESPERANÇA - FE BRASIL,2,2021,2021,468,468,2021,2021
GO,7,Deputado Estadual,Dep. Estadual/Distrital,NOVO,NOVO,30,,i,PARTIDO NOVO,39,205608,205608,3628,3628,205608,205608
GO,7,Deputado Estadual,Dep. Estadual/Distrital,PODE,PODE,20,,i,PODEMOS,38,185425,185425,4177,4177,185425,185425
GO,7,Deputado Estadual,Dep. Estadual/Distrital,MDB,MDB,15,,i,MOVIMENTO DEMOCRÁTICO BRASILEIRO,39,535913,535913,29650,29650,535913,535913
GO,7,Deputado Estadual,Dep. Estadual/Distrital,PL,PL,22,,i,PARTIDO LIBERAL,41,394256,394256,42128,42128,394256,394256
GO,7,Deputado Estadual,Dep. Estadual/Distrital,AGIR,AGIR,36,,i,AGIR,39,166247,166303,1929,1929,166303,166247
GO,7,Deputado Estadual,Dep. Estadual/Distrital,MOBILIZA,MOBILIZA,33,,i,MOBILIZAÇÃO NACIONAL,39,277534,277534,3254,3254,277534,277534
GO,7,Deputado Estadual,Dep. Estadual/Distrital,DEMOCRATA,DEMOCRATA,35,,i,DEMOCRATA,30,51787,51787,928,928,51787,51787
GO,7,Deputado Estadual,Dep. Estadual/Distrital,CIDADANIA,CIDADANIA,23,100,f,FEDERAÇÃO PSDB CIDADANIA,3,55835,55835,2536,2536,55835,55835
GO,7,Deputado Estadual,Dep. Estadual/Distrital,PSDB,PSDB,45,100,f,FEDERAÇÃO PSDB CIDADANIA,39,223998,223998,9241,9241,223998,223998
GO,7,Deputado Estadual,Dep. Estadual/Distrital,DC,DC,27,,i,DEMOCRACIA CRISTÃ,26,3104,3104,246,246,3104,3104
GO,7,Deputado Estadual,Dep. Estadual/Distrital,UNIAO,UNIÃO,44,104,f,FEDERAÇÃO UNIÃO PROGRESSISTA,40,294169,294244,39529,39529,294244,294169
GO,7,Deputado Estadual,Dep. Estadual/Distrital,PP,PP,11,104,f,FEDERAÇÃO UNIÃO PROGRESSISTA,2,65648,65648,4628,4628,65648,65648
GO,7,Deputado Estadual,Dep. Estadual/Distrital,UP,UP,80,,i,UNIDADE POPULAR,2,1081,1081,201,201,1081,1081
MA,3,Governador,Governador,PRTB,PRTB,28,,i,PARTIDO RENOVADOR TRABALHISTA BRASILEIRO,1,0,48920,0,0,48920,0
MA,3,Governador,Governador,PSD,PSD,55,,c,PRA TRANSFORMAR O MARANHÃO,1,2103882,2103882,0,0,2103882,2103882
MA,3,Governador,Governador,PCB,PCB,21,,i,PARTIDO COMUNISTA BRASILEIRO,1,1096,1096,0,0,1096,1096
MA,3,Governador,Governador,MDB,MDB,15,,c,AVANÇO POR TODO MARANHÃO,1,1353515,1353515,0,0,1353515,1353515
MA,3,Governador,Governador,PSTU,PSTU,16,,i,PARTIDO SOCIALISTA  DOS TRABALHADORES UNIFICADO,1,4693,4693,0,0,4693,4693
MA,3,Governador,Governador,PCO,PCO,29,,i,PARTIDO DA CAUSA OPERÁRIA,1,257,257,0,0,257,257
MA,3,Governador,Governador,PT,PT,13,101,c,"BRASIL JUSTO, MARANHÃO GRANDE",1,373928,373928,0,0,373928,373928
MA,3,Governador,Governador,MISSAO,MISSÃO,14,,i,PARTIDO MISSÃO,1,7905,7905,0,0,7905,7905
MA,5,Senador,Senador,MDB,MDB,15,,c,AVANÇO POR TODO MARANHÃO,1,1171252,1171252,0,0,1171252,1171252
MA,5,Senador,Senador,PDT,PDT,12,,c,AVANÇO POR TODO MARANHÃO,1,1085972,1085972,0,0,1085972,1085972
MA,5,Senador,Senador,PSTU,PSTU,16,,i,PARTIDO SOCIALISTA  DOS TRABALHADORES UNIFICADO,1,10908,10908,0,0,10908,10908
MA,5,Senador,Senador,PL,PL,22,,i,PARTIDO LIBERAL,1,602958,602958,0,0,602958,602958
MA,5,Senador,Senador,PP,PP,11,104,c,MARANHÃO DE CARA NOVA,1,1529812,1529812,0,0,1529812,1529812
MA,5,Senador,Senador,DC,DC,27,,i,DEMOCRACIA CRISTÃ,1,0,23995,0,0,23995,0
MA,5,Senador,Senador,PSOL,PSOL,50,102,c,"BRASIL JUSTO, MARANHÃO GRANDE",1,83948,83948,0,0,83948,83948
MA,5,Senador,Senador,PT,PT,13,101,c,"BRASIL JUSTO, MARANHÃO GRANDE",1,696150,696150,0,0,696150,696150
MA,5,Senador,Senador,NOVO,NOVO,30,,c,PRA TRANSFORMAR O MARANHÃO,1,1471761,1471761,0,0,1471761,1471761
MA,5,Senador,Senador,MOBILIZA,MOBILIZA,33,,c,TEMPO DE RENOVAÇÃO,1,458439,458439,0,0,458439,458439
MA,5,Senador,Senador,PCB,PCB,21,,i,PARTIDO COMUNISTA BRASILEIRO,1,5008,5008,0,0,5008,5008
MA,6,Deputado Federal,Dep. Federal,MOBILIZA,MOBILIZA,33,,i,MOBILIZAÇÃO NACIONAL,6,872,872,1131,1131,872,872
MA,6,Deputado Federal,Dep. Federal,PL,PL,22,,i,PARTIDO LIBERAL,18,685200,685410,10432,10432,685410,685200
MA,6,Deputado Federal,Dep. Federal,PCDOB,PCDOB,65,101,f,FEDERAÇÃO BRASIL DA ESPERANÇA - FE BRASIL,3,56431,56431,1335,1335,56431,56431
MA,6,Deputado Federal,Dep. Federal,PT,PT,13,101,f,FEDERAÇÃO BRASIL DA ESPERANÇA - FE BRASIL,13,228611,229419,15433,15433,229419,228611
MA,6,Deputado Federal,Dep. Federal,PV,PV,43,101,f,FEDERAÇÃO BRASIL DA ESPERANÇA - FE BRASIL,3,918,918,467,467,918,918
MA,6,Deputado Federal,Dep. Federal,UP,UP,80,,i,UNIDADE POPULAR,2,572,572,62,62,572,572
MA,6,Deputado Federal,Dep. Federal,NOVO,NOVO,30,,i,PARTIDO NOVO,18,12828,12828,1513,1513,12828,12828
MA,6,Deputado Federal,Dep. Federal,PSTU,PSTU,16,,i,PARTIDO SOCIALISTA  DOS TRABALHADORES UNIFICADO,2,1059,1059,566,566,1059,1059
MA,6,Deputado Federal,Dep. Federal,MDB,MDB,15,,i,MOVIMENTO DEMOCRÁTICO BRASILEIRO,14,882242,882242,25584,25584,882242,882242
MA,6,Deputado Federal,Dep. Federal,MISSAO,MISSÃO,14,,i,PARTIDO MISSÃO,5,4813,4813,2409,2409,4813,4813
MA,6,Deputado Federal,Dep. Federal,PDT,PDT,12,,i,PARTIDO DEMOCRÁTICO TRABALHISTA,18,202794,202794,14107,14107,202794,202794
MA,6,Deputado Federal,Dep. Federal,DC,DC,27,,i,DEMOCRACIA CRISTÃ,4,841,841,93,93,841,841
MA,6,Deputado Federal,Dep. Federal,PSOL,PSOL,50,102,f,FEDERAÇÃO PSOL REDE,14,7862,7862,632,632,7862,7862
MA,6,Deputado Federal,Dep. Federal,REDE,REDE,18,102,f,FEDERAÇÃO PSOL REDE,5,1845,1845,323,323,1845,1845
MA,6,Deputado Federal,Dep. Federal,UNIAO,UNIÃO,44,104,f,FEDERAÇÃO UNIÃO PROGRESSISTA,16,339631,339631,3609,3609,339631,339631
MA,6,Deputado Federal,Dep. Federal,PP,PP,11,104,f,FEDERAÇÃO UNIÃO PROGRESSISTA,3,161488,161488,10210,10210,161488,161488
MA,6,Deputado Federal,Dep. Federal,PSD,PSD,55,,i,PARTIDO SOCIAL DEMOCRÁTICO,11,156871,156871,6471,6471,156871,156871
MA,6,Deputado Federal,Dep. Federal,REPUBLICANOS,REPUBLICANOS,10,,i,REPUBLICANOS,18,204946,204946,5628,5628,204946,204946
MA,6,Deputado Federal,Dep. Federal,PSB,PSB,40,,i,PARTIDO SOCIALISTA BRASILEIRO,19,166932,166932,1697,1697,166932,166932
MA,6,Deputado Federal,Dep. Federal,AVANTE,AVANTE,70,,i,AVANTE,19,169168,169168,1011,1011,169168,169168
MA,6,Deputado Federal,Dep. Federal,PSDB,PSDB,45,100,f,FEDERAÇÃO PSDB CIDADANIA,10,169160,169160,3518,3518,169160,169160
MA,6,Deputado Federal,Dep. Federal,CIDADANIA,CIDADANIA,23,100,f,FEDERAÇÃO PSDB CIDADANIA,8,13453,13453,1256,1256,13453,13453
MA,6,Deputado Federal,Dep. Federal,SOLIDARIEDADE,SOLIDARIEDADE,77,103,f,FEDERAÇÃO RENOVAÇÃO SOLIDÁRIA,6,78674,78674,1232,1232,78674,78674
MA,6,Deputado Federal,Dep. Federal,PRD,PRD,25,103,f,FEDERAÇÃO RENOVAÇÃO SOLIDÁRIA,13,168912,168912,3431,3431,168912,168912
MA,6,Deputado Federal,Dep. Federal,PODE,PODE,20,,i,PODEMOS,18,140056,140056,1719,1719,140056,140056
MA,7,Deputado Estadual,Dep. Estadual/Distrital,AVANTE,AVANTE,70,,i,AVANTE,25,10165,10165,2230,2230,10165,10165
MA,7,Deputado Estadual,Dep. Estadual/Distrital,PSD,PSD,55,,i,PARTIDO SOCIAL DEMOCRÁTICO,23,385401,385401,10951,10951,385401,385401
MA,7,Deputado Estadual,Dep. Estadual/Distrital,PCDOB,PCDOB,65,101,f,FEDERAÇÃO BRASIL DA ESPERANÇA - FE BRASIL,6,20718,20718,1374,1374,20718,20718
MA,7,Deputado Estadual,Dep. Estadual/Distrital,PV,PV,43,101,f,FEDERAÇÃO BRASIL DA ESPERANÇA - FE BRASIL,0,0,0,314,314,0,0
MA,7,Deputado Estadual,Dep. Estadual/Distrital,PT,PT,13,101,f,FEDERAÇÃO BRASIL DA ESPERANÇA - FE BRASIL,23,184699,185331,35093,35093,185331,184699
MA,7,Deputado Estadual,Dep. Estadual/Distrital,PCB,PCB,21,,i,PARTIDO COMUNISTA BRASILEIRO,2,438,438,858,858,438,438
MA,7,Deputado Estadual,Dep. Estadual/Distrital,PL,PL,22,,i,PARTIDO LIBERAL,22,621755,621755,22324,22324,621755,621755
MA,7,Deputado Estadual,Dep. Estadual/Distrital,REDE,REDE,18,102,f,FEDERAÇÃO PSOL REDE,6,490,490,1032,1032,490,490
MA,7,Deputado Estadual,Dep. Estadual/Distrital,PSOL,PSOL,50,102,f,FEDERAÇÃO PSOL REDE,24,8278,8278,1213,1213,8278,8278
MA,7,Deputado Estadual,Dep. Estadual/Distrital,PDT,PDT,12,,i,PARTIDO DEMOCRÁTICO TRABALHISTA,12,237983,237983,38911,38911,237983,237983
MA,7,Deputado Estadual,Dep. Estadual/Distrital,NOVO,NOVO,30,,i,PARTIDO NOVO,18,9026,9026,22674,22674,9026,9026
MA,7,Deputado Estadual,Dep. Estadual/Distrital,PP,PP,11,104,f,FEDERAÇÃO UNIÃO PROGRESSISTA,1,324,324,38307,38307,324,324
MA,7,Deputado Estadual,Dep. Estadual/Distrital,UNIAO,UNIÃO,44,104,f,FEDERAÇÃO UNIÃO PROGRESSISTA,15,162015,162015,6595,6595,162015,162015
MA,7,Deputado Estadual,Dep. Estadual/Distrital,PSB,PSB,40,,i,PARTIDO SOCIALISTA BRASILEIRO,23,192883,194545,5397,5397,194545,192883
MA,7,Deputado Estadual,Dep. Estadual/Distrital,MDB,MDB,15,,i,MOVIMENTO DEMOCRÁTICO BRASILEIRO,31,1314174,1314174,68853,68853,1314174,1314174
MA,7,Deputado Estadual,Dep. Estadual/Distrital,PRD,PRD,25,103,f,FEDERAÇÃO RENOVAÇÃO SOLIDÁRIA,15,101844,101844,5095,5095,101844,101844
MA,7,Deputado Estadual,Dep. Estadual/Distrital,SOLIDARIEDADE,SOLIDARIEDADE,77,103,f,FEDERAÇÃO RENOVAÇÃO SOLIDÁRIA,5,7211,7211,1549,1549,7211,7211
MA,7,Deputado Estadual,Dep. Estadual/Distrital,REPUBLICANOS,REPUBLICANOS,10,,i,REPUBLICANOS,20,392562,392562,8337,8337,392562,392562
MG,3,Governador,Governador,PSTU,PSTU,16,,i,PARTIDO SOCIALISTA  DOS TRABALHADORES UNIFICADO,1,4764,4764,0,0,4764,4764
MG,3,Governador,Governador,REPUBLICANOS,REPUBLICANOS,10,,c,MINAS É DO POVO,1,6321590,6321590,0,0,6321590,6321590
MG,3,Governador,Governador,PT,PT,13,101,c,PRA MINAS GERAIS VOLTAR A SONHAR ,1,3006088,3006088,0,0,3006088,3006088
MG,3,Governador,Governador,PCB,PCB,21,,i,PARTIDO COMUNISTA BRASILEIRO,1,10957,10957,0,0,10957,10957
MG,3,Governador,Governador,PCO,PCO,29,,i,PARTIDO DA CAUSA OPERÁRIA,1,0,1464,0,0,1464,0
MG,3,Governador,Governador,PSD,PSD,55,,c,MINAS NO CAMINHO CERTO ,1,530292,530292,0,0,530292,530292
MG,3,Governador,Governador,MDB,MDB,15,,i,MOVIMENTO DEMOCRÁTICO BRASILEIRO,1,237051,237051,0,0,237051,237051
MG,3,Governador,Governador,PDT,PDT,12,,c,CUIDAR DE MINAS,1,403466,403466,0,0,403466,403466
MG,3,Governador,Governador,PL,PL,22,,i,PARTIDO LIBERAL,1,795193,795193,0,0,795193,795193
MG,3,Governador,Governador,MISSAO,MISSÃO,14,,i,PARTIDO MISSÃO,1,80308,80308,0,0,80308,80308
MG,3,Governador,Governador,UP,UP,80,,i,UNIDADE POPULAR,1,20662,20662,0,0,20662,20662
MG,5,Senador,Senador,DC,DC,27,,i,DEMOCRACIA CRISTÃ,1,14463,14463,0,0,14463,14463
MG,5,Senador,Senador,AVANTE,AVANTE,70,,i,AVANTE,1,35892,35892,0,0,35892,35892
MG,5,Senador,Senador,PSTU,PSTU,16,,i,PARTIDO SOCIALISTA  DOS TRABALHADORES UNIFICADO,2,24726,24726,0,0,24726,24726
MG,5,Senador,Senador,PCO,PCO,29,,i,PARTIDO DA CAUSA OPERÁRIA,1,0,3184,0,0,3184,0
MG,5,Senador,Senador,PSDB,PSDB,45,100,c,CUIDAR DE MINAS ,1,836595,836595,0,0,836595,836595
MG,5,Senador,Senador,NOVO,NOVO,30,,i,PARTIDO NOVO,1,1895603,1895603,0,0,1895603,1895603
MG,5,Senador,Senador,UP,UP,80,,i,UNIDADE POPULAR,2,35166,35166,0,0,35166,35166
MG,5,Senador,Senador,PP,PP,11,104,f,FEDERAÇÃO UNIÃO PROGRESSISTA,1,2387973,2387973,0,0,2387973,2387973
MG,5,Senador,Senador,PSD,PSD,55,,i,PARTIDO SOCIAL DEMOCRÁTICO,1,3583487,3583487,0,0,3583487,3583487
MG,5,Senador,Senador,PL,PL,22,,i,PARTIDO LIBERAL,1,4968829,4968829,0,0,4968829,4968829
MG,5,Senador,Senador,PSOL,PSOL,50,102,c,PRA MINAS GERAIS VOLTAR A SONHAR ,1,2664763,2664763,0,0,2664763,2664763
MG,5,Senador,Senador,PT,PT,13,101,c,PRA MINAS GERAIS VOLTAR A SONHAR ,1,3990864,3990864,0,0,3990864,3990864
MG,5,Senador,Senador,MDB,MDB,15,,i,MOVIMENTO DEMOCRÁTICO BRASILEIRO,2,83941,83941,0,0,83941,83941
MG,6,Deputado Federal,Dep. Federal,PL,PL,22,,i,PARTIDO LIBERAL,52,4560169,4560169,52945,52945,4560169,4560169
MG,6,Deputado Federal,Dep. Federal,PT,PT,13,101,f,FEDERAÇÃO BRASIL DA ESPERANÇA - FE BRASIL,33,2046251,2046251,126626,126626,2046251,2046251
MG,6,Deputado Federal,Dep. Federal,PCDOB,PCDOB,65,101,f,FEDERAÇÃO BRASIL DA ESPERANÇA - FE BRASIL,2,22500,22500,2791,2791,22500,22500
MG,6,Deputado Federal,Dep. Federal,PV,PV,43,101,f,FEDERAÇÃO BRASIL DA ESPERANÇA - FE BRASIL,11,156117,199108,5032,5032,199108,156117
MG,6,Deputado Federal,Dep. Federal,PCO,PCO,29,,i,PARTIDO DA CAUSA OPERÁRIA,2,0,422,0,457,422,0
MG,6,Deputado Federal,Dep. Federal,PP,PP,11,104,f,FEDERAÇÃO UNIÃO PROGRESSISTA,22,461050,461050,18742,18742,461050,461050
MG,6,Deputado Federal,Dep. Federal,UNIAO,UNIÃO,44,104,f,FEDERAÇÃO UNIÃO PROGRESSISTA,31,690020,696035,6224,6224,696035,690020
MG,6,Deputado Federal,Dep. Federal,PSTU,PSTU,16,,i,PARTIDO SOCIALISTA  DOS TRABALHADORES UNIFICADO,3,1182,1182,1057,1057,1182,1182
MG,6,Deputado Federal,Dep. Federal,PSDB,PSDB,45,100,f,FEDERAÇÃO PSDB CIDADANIA,33,202891,202891,8171,8171,202891,202891
MG,6,Deputado Federal,Dep. Federal,CIDADANIA,CIDADANIA,23,100,f,FEDERAÇÃO PSDB CIDADANIA,3,2402,2402,5379,5379,2402,2402
MG,6,Deputado Federal,Dep. Federal,REPUBLICANOS,REPUBLICANOS,10,,i,REPUBLICANOS,45,522648,556908,13359,13359,556908,522648
MG,6,Deputado Federal,Dep. Federal,PODE,PODE,20,,i,PODEMOS,53,240407,240407,1760,1760,240407,240407
MG,6,Deputado Federal,Dep. Federal,NOVO,NOVO,30,,i,PARTIDO NOVO,53,66164,66164,5706,5706,66164,66164
MG,6,Deputado Federal,Dep. Federal,AVANTE,AVANTE,70,,i,AVANTE,51,220191,220218,2881,2881,220218,220191
MG,6,Deputado Federal,Dep. Federal,MDB,MDB,15,,i,MOVIMENTO DEMOCRÁTICO BRASILEIRO,52,179431,179431,4311,4311,179431,179431
MG,6,Deputado Federal,Dep. Federal,MOBILIZA,MOBILIZA,33,,i,MOBILIZAÇÃO NACIONAL,26,5441,5441,1948,1948,5441,5441
MG,6,Deputado Federal,Dep. Federal,PRD,PRD,25,103,f,FEDERAÇÃO RENOVAÇÃO SOLIDÁRIA,22,196600,196600,4919,4919,196600,196600
MG,6,Deputado Federal,Dep. Federal,SOLIDARIEDADE,SOLIDARIEDADE,77,103,f,FEDERAÇÃO RENOVAÇÃO SOLIDÁRIA,24,99676,99676,2027,2027,99676,99676
MG,6,Deputado Federal,Dep. Federal,UP,UP,80,,i,UNIDADE POPULAR,3,2727,2727,618,618,2727,2727
MG,6,Deputado Federal,Dep. Federal,PDT,PDT,12,,i,PARTIDO DEMOCRÁTICO TRABALHISTA,53,128081,133376,19202,19202,133376,128081
MG,6,Deputado Federal,Dep. Federal,PSD,PSD,55,,i,PARTIDO SOCIAL DEMOCRÁTICO,31,512879,513069,19434,19434,513069,512879
MG,6,Deputado Federal,Dep. Federal,DC,DC,27,,i,DEMOCRACIA CRISTÃ,10,1736,1736,485,485,1736,1736
MG,6,Deputado Federal,Dep. Federal,MISSAO,MISSÃO,14,,i,PARTIDO MISSÃO,20,58863,58863,8398,8398,58863,58863
MG,6,Deputado Federal,Dep. Federal,PSB,PSB,40,,i,PARTIDO SOCIALISTA BRASILEIRO,35,252792,252792,3217,3217,252792,252792
MG,6,Deputado Federal,Dep. Federal,REDE,REDE,18,102,f,FEDERAÇÃO PSOL REDE,20,121087,121497,2444,2444,121497,121087
MG,6,Deputado Federal,Dep. Federal,PSOL,PSOL,50,102,f,FEDERAÇÃO PSOL REDE,20,297765,297765,13405,13405,297765,297765
MG,7,Deputado Estadual,Dep. Estadual/Distrital,MDB,MDB,15,,i,MOVIMENTO DEMOCRÁTICO BRASILEIRO,45,114212,114212,11682,11682,114212,114212
MG,7,Deputado Estadual,Dep. Estadual/Distrital,PL,PL,22,,i,PARTIDO LIBERAL,68,2683960,2684737,137512,137512,2684737,2683960
MG,7,Deputado Estadual,Dep. Estadual/Distrital,PSB,PSB,40,,i,PARTIDO SOCIALISTA BRASILEIRO,50,325309,325309,9203,9203,325309,325309
MG,7,Deputado Estadual,Dep. Estadual/Distrital,AVANTE,AVANTE,70,,i,AVANTE,54,272136,272136,8192,8192,272136,272136
MG,7,Deputado Estadual,Dep. Estadual/Distrital,DEMOCRATA,DEMOCRATA,35,,i,DEMOCRATA,39,177709,177709,4014,4014,177709,177709
MG,7,Deputado Estadual,Dep. Estadual/Distrital,PODE,PODE,20,,i,PODEMOS,74,272376,272376,7831,7831,272376,272376
MG,7,Deputado Estadual,Dep. Estadual/Distrital,PCO,PCO,29,,i,PARTIDO DA CAUSA OPERÁRIA,2,0,370,0,437,370,0
MG,7,Deputado Estadual,Dep. Estadual/Distrital,PSD,PSD,55,,i,PARTIDO SOCIAL DEMOCRÁTICO,29,1203083,1203083,67924,67924,1203083,1203083
MG,7,Deputado Estadual,Dep. Estadual/Distrital,MISSAO,MISSÃO,14,,i,PARTIDO MISSÃO,11,52402,52402,11415,11415,52402,52402
MG,7,Deputado Estadual,Dep. Estadual/Distrital,UP,UP,80,,i,UNIDADE POPULAR,2,3760,3760,1066,1066,3760,3760
MG,7,Deputado Estadual,Dep. Estadual/Distrital,REPUBLICANOS,REPUBLICANOS,10,,i,REPUBLICANOS,30,562744,562744,28981,28981,562744,562744
MG,7,Deputado Estadual,Dep. Estadual/Distrital,AGIR,AGIR,36,,i,AGIR,53,77002,77002,2162,2162,77002,77002
MG,7,Deputado Estadual,Dep. Estadual/Distrital,PV,PV,43,101,f,FEDERAÇÃO BRASIL DA ESPERANÇA - FE BRASIL,15,294658,294658,7964,7964,294658,294658
MG,7,Deputado Estadual,Dep. Estadual/Distrital,PT,PT,13,101,f,FEDERAÇÃO BRASIL DA ESPERANÇA - FE BRASIL,48,1770703,1770703,262276,262276,1770703,1770703
MG,7,Deputado Estadual,Dep. Estadual/Distrital,PCDOB,PCDOB,65,101,f,FEDERAÇÃO BRASIL DA ESPERANÇA - FE BRASIL,5,73389,73389,3155,3155,73389,73389
MG,7,Deputado Estadual,Dep. Estadual/Distrital,UNIAO,UNIÃO,44,104,f,FEDERAÇÃO UNIÃO PROGRESSISTA,33,518805,518805,19466,19466,518805,518805
MG,7,Deputado Estadual,Dep. Estadual/Distrital,PP,PP,11,104,f,FEDERAÇÃO UNIÃO PROGRESSISTA,39,540267,540267,70391,70391,540267,540267
MG,7,Deputado Estadual,Dep. Estadual/Distrital,PDT,PDT,12,,i,PARTIDO DEMOCRÁTICO TRABALHISTA,62,166315,166315,22084,22084,166315,166315
MG,7,Deputado Estadual,Dep. Estadual/Distrital,PRD,PRD,25,103,f,FEDERAÇÃO RENOVAÇÃO SOLIDÁRIA,45,362592,362592,10350,10350,362592,362592
MG,7,Deputado Estadual,Dep. Estadual/Distrital,SOLIDARIEDADE,SOLIDARIEDADE,77,103,f,FEDERAÇÃO RENOVAÇÃO SOLIDÁRIA,14,50461,50461,3454,3454,50461,50461
MG,7,Deputado Estadual,Dep. Estadual/Distrital,PSTU,PSTU,16,,i,PARTIDO SOCIALISTA  DOS TRABALHADORES UNIFICADO,3,1393,1393,1154,1154,1393,1393
MG,7,Deputado Estadual,Dep. Estadual/Distrital,MOBILIZA,MOBILIZA,33,,i,MOBILIZAÇÃO NACIONAL,58,19386,19594,2285,2285,19594,19386
MG,7,Deputado Estadual,Dep. Estadual/Distrital,NOVO,NOVO,30,,i,PARTIDO NOVO,77,277600,277600,12869,12869,277600,277600
MG,7,Deputado Estadual,Dep. Estadual/Distrital,PSDB,PSDB,45,100,f,FEDERAÇÃO PSDB CIDADANIA,37,382130,382130,35724,35724,382130,382130
MG,7,Deputado Estadual,Dep. Estadual/Distrital,CIDADANIA,CIDADANIA,23,100,f,FEDERAÇÃO PSDB CIDADANIA,2,1125,1125,4593,4593,1125,1125
MG,7,Deputado Estadual,Dep. Estadual/Distrital,REDE,REDE,18,102,f,FEDERAÇÃO PSOL REDE,23,154039,154039,5495,5495,154039,154039
MG,7,Deputado Estadual,Dep. Estadual/Distrital,PSOL,PSOL,50,102,f,FEDERAÇÃO PSOL REDE,23,168614,168614,26969,26969,168614,168614
MG,7,Deputado Estadual,Dep. Estadual/Distrital,PCB,PCB,21,,i,PARTIDO COMUNISTA BRASILEIRO,3,1705,1705,3240,3240,1705,1705
MS,3,Governador,Governador,PT,PT,13,101,c,POR UM MS DO POVO,1,322807,322807,0,0,322807,322807
MS,3,Governador,Governador,PCO,PCO,29,,i,PARTIDO DA CAUSA OPERÁRIA,1,2115,2115,0,0,2115,2115
MS,3,Governador,Governador,NOVO,NOVO,30,,i,PARTIDO NOVO,1,98677,98677,0,0,98677,98677
MS,3,Governador,Governador,PSOL,PSOL,50,102,f,FEDERAÇÃO PSOL REDE,1,4444,4444,0,0,4444,4444
MS,3,Governador,Governador,PP,PP,11,104,c,FAZENDO O FUTURO ACONTECER,1,914323,914323,0,0,914323,914323
MS,3,Governador,Governador,PRD,PRD,25,103,f,FEDERAÇÃO RENOVAÇÃO SOLIDÁRIA,1,14431,14431,0,0,14431,14431
MS,3,Governador,Governador,AGIR,AGIR,36,,i,AGIR,1,912,912,0,0,912,912
MS,3,Governador,Governador,DC,DC,27,,i,DEMOCRACIA CRISTÃ,1,5589,5589,0,0,5589,5589
MS,5,Senador,Senador,PL,PL,22,,c,FAZENDO O FUTURO ACONTECER,2,1759599,1759599,0,0,1759599,1759599
MS,5,Senador,Senador,PCO,PCO,29,,i,PARTIDO DA CAUSA OPERÁRIA,1,3197,3197,0,0,3197,3197
MS,5,Senador,Senador,PSOL,PSOL,50,102,f,FEDERAÇÃO PSOL REDE,1,18028,18028,0,0,18028,18028
MS,5,Senador,Senador,PT,PT,13,101,c,POR UM MS DO POVO,1,361920,361920,0,0,361920,361920
MS,5,Senador,Senador,PSB,PSB,40,,c,POR UM MS DO POVO,1,340788,340788,0,0,340788,340788
MS,5,Senador,Senador,PRD,PRD,25,103,f,FEDERAÇÃO RENOVAÇÃO SOLIDÁRIA,1,16396,16396,0,0,16396,16396
MS,5,Senador,Senador,NOVO,NOVO,30,,i,PARTIDO NOVO,1,103184,103184,0,0,103184,103184
MS,5,Senador,Senador,DC,DC,27,,i,DEMOCRACIA CRISTÃ,1,4947,4947,0,0,4947,4947
MS,6,Deputado Federal,Dep. Federal,AGIR,AGIR,36,,i,AGIR,4,216,216,125,125,216,216
MS,6,Deputado Federal,Dep. Federal,CIDADANIA,CIDADANIA,23,100,f,FEDERAÇÃO PSDB CIDADANIA,0,0,0,506,506,0,0
MS,6,Deputado Federal,Dep. Federal,PSDB,PSDB,45,100,f,FEDERAÇÃO PSDB CIDADANIA,9,93756,93756,4241,4241,93756,93756
MS,6,Deputado Federal,Dep. Federal,MDB,MDB,15,,i,MOVIMENTO DEMOCRÁTICO BRASILEIRO,9,12080,12080,1028,1028,12080,12080
MS,6,Deputado Federal,Dep. Federal,PCO,PCO,29,,i,PARTIDO DA CAUSA OPERÁRIA,3,213,213,39,39,213,213
MS,6,Deputado Federal,Dep. Federal,SOLIDARIEDADE,SOLIDARIEDADE,77,103,f,FEDERAÇÃO RENOVAÇÃO SOLIDÁRIA,0,0,0,191,191,0,0
MS,6,Deputado Federal,Dep. Federal,PRD,PRD,25,103,f,FEDERAÇÃO RENOVAÇÃO SOLIDÁRIA,8,3130,3130,270,270,3130,3130
MS,6,Deputado Federal,Dep. Federal,PL,PL,22,,i,PARTIDO LIBERAL,9,446652,446652,13688,13688,446652,446652
MS,6,Deputado Federal,Dep. Federal,MISSAO,MISSÃO,14,,i,PARTIDO MISSÃO,6,9045,9045,977,977,9045,9045
MS,6,Deputado Federal,Dep. Federal,DC,DC,27,,i,DEMOCRACIA CRISTÃ,9,1574,1574,59,59,1574,1574
MS,6,Deputado Federal,Dep. Federal,PDT,PDT,12,,i,PARTIDO DEMOCRÁTICO TRABALHISTA,9,5329,5329,2383,2383,5329,5329
MS,6,Deputado Federal,Dep. Federal,AVANTE,AVANTE,70,,i,AVANTE,8,6434,6434,452,452,6434,6434
MS,6,Deputado Federal,Dep. Federal,NOVO,NOVO,30,,i,PARTIDO NOVO,9,10850,10850,547,547,10850,10850
MS,6,Deputado Federal,Dep. Federal,REDE,REDE,18,102,f,FEDERAÇÃO PSOL REDE,2,531,531,449,449,531,531
MS,6,Deputado Federal,Dep. Federal,PSOL,PSOL,50,102,f,FEDERAÇÃO PSOL REDE,7,3260,3260,779,779,3260,3260
MS,6,Deputado Federal,Dep. Federal,PP,PP,11,104,f,FEDERAÇÃO UNIÃO PROGRESSISTA,6,113108,113108,3223,3223,113108,113108
MS,6,Deputado Federal,Dep. Federal,UNIAO,UNIÃO,44,104,f,FEDERAÇÃO UNIÃO PROGRESSISTA,3,177222,177222,2343,2343,177222,177222
MS,6,Deputado Federal,Dep. Federal,REPUBLICANOS,REPUBLICANOS,10,,i,REPUBLICANOS,9,254390,254390,2295,2295,254390,254390
MS,6,Deputado Federal,Dep. Federal,PCDOB,PCDOB,65,101,f,FEDERAÇÃO BRASIL DA ESPERANÇA - FE BRASIL,2,2006,2006,63,63,2006,2006
MS,6,Deputado Federal,Dep. Federal,PT,PT,13,101,f,FEDERAÇÃO BRASIL DA ESPERANÇA - FE BRASIL,5,195687,195687,18610,18610,195687,195687
MS,6,Deputado Federal,Dep. Federal,PV,PV,43,101,f,FEDERAÇÃO BRASIL DA ESPERANÇA - FE BRASIL,2,32511,32511,500,500,32511,32511
MS,7,Deputado Estadual,Dep. Estadual/Distrital,REPUBLICANOS,REPUBLICANOS,10,,i,REPUBLICANOS,21,106958,106958,3417,3417,106958,106958
MS,7,Deputado Estadual,Dep. Estadual/Distrital,UNIAO,UNIÃO,44,104,f,FEDERAÇÃO UNIÃO PROGRESSISTA,10,64105,64105,2608,2608,64105,64105
MS,7,Deputado Estadual,Dep. Estadual/Distrital,PP,PP,11,104,f,FEDERAÇÃO UNIÃO PROGRESSISTA,13,162166,197377,4829,4829,197377,162166
MS,7,Deputado Estadual,Dep. Estadual/Distrital,PDT,PDT,12,,i,PARTIDO DEMOCRÁTICO TRABALHISTA,16,2913,2913,2199,2199,2913,2913
MS,7,Deputado Estadual,Dep. Estadual/Distrital,PT,PT,13,101,f,FEDERAÇÃO BRASIL DA ESPERANÇA - FE BRASIL,21,185922,186367,22763,22763,186367,185922
MS,7,Deputado Estadual,Dep. Estadual/Distrital,PV,PV,43,101,f,FEDERAÇÃO BRASIL DA ESPERANÇA - FE BRASIL,2,643,643,941,941,643,643
MS,7,Deputado Estadual,Dep. Estadual/Distrital,PCDOB,PCDOB,65,101,f,FEDERAÇÃO BRASIL DA ESPERANÇA - FE BRASIL,0,0,0,138,138,0,0
MS,7,Deputado Estadual,Dep. Estadual/Distrital,AVANTE,AVANTE,70,,i,AVANTE,23,57480,57480,612,612,57480,57480
MS,7,Deputado Estadual,Dep. Estadual/Distrital,PSDB,PSDB,45,100,f,FEDERAÇÃO PSDB CIDADANIA,22,187969,187969,3948,3948,187969,187969
MS,7,Deputado Estadual,Dep. Estadual/Distrital,CIDADANIA,CIDADANIA,23,100,f,FEDERAÇÃO PSDB CIDADANIA,2,2474,2474,460,460,2474,2474
MS,7,Deputado Estadual,Dep. Estadual/Distrital,PCO,PCO,29,,i,PARTIDO DA CAUSA OPERÁRIA,4,395,395,99,99,395,395
MS,7,Deputado Estadual,Dep. Estadual/Distrital,PSOL,PSOL,50,102,f,FEDERAÇÃO PSOL REDE,9,1515,1515,577,577,1515,1515
MS,7,Deputado Estadual,Dep. Estadual/Distrital,REDE,REDE,18,102,f,FEDERAÇÃO PSOL REDE,0,0,0,416,416,0,0
MS,7,Deputado Estadual,Dep. Estadual/Distrital,PL,PL,22,,i,PARTIDO LIBERAL,25,418569,418569,30376,30376,418569,418569
MS,7,Deputado Estadual,Dep. Estadual/Distrital,DC,DC,27,,i,DEMOCRACIA CRISTÃ,14,1188,1188,149,149,1188,1188
MS,7,Deputado Estadual,Dep. Estadual/Distrital,NOVO,NOVO,30,,i,PARTIDO NOVO,21,13068,13068,1124,1124,13068,13068
MS,7,Deputado Estadual,Dep. Estadual/Distrital,MDB,MDB,15,,i,MOVIMENTO DEMOCRÁTICO BRASILEIRO,19,95993,95993,1996,1996,95993,95993
MS,7,Deputado Estadual,Dep. Estadual/Distrital,PRD,PRD,25,103,f,FEDERAÇÃO RENOVAÇÃO SOLIDÁRIA,13,2815,2815,614,614,2815,2815
MS,7,Deputado Estadual,Dep. Estadual/Distrital,SOLIDARIEDADE,SOLIDARIEDADE,77,103,f,FEDERAÇÃO RENOVAÇÃO SOLIDÁRIA,2,89,89,278,278,89,89
MT,3,Governador,Governador,PSD,PSD,55,,c,MATO GROSSO PARA TODOS,1,281548,281548,0,0,281548,281548
MT,3,Governador,Governador,REPUBLICANOS,REPUBLICANOS,10,,c,MATO GROSSO NÃO PODE PARAR,1,1128099,1128099,0,0,1128099,1128099
MT,3,Governador,Governador,MISSAO,MISSÃO,14,,i,PARTIDO MISSÃO,1,10300,10300,0,0,10300,10300
MT,3,Governador,Governador,MOBILIZA,MOBILIZA,33,,i,MOBILIZAÇÃO NACIONAL,1,2694,2694,0,0,2694,2694
MT,3,Governador,Governador,AGIR,AGIR,36,,i,AGIR,1,3210,3210,0,0,3210,3210
MT,3,Governador,Governador,PL,PL,22,,c,CORAÇÃO DA GENTE,1,430442,430442,0,0,430442,430442
MT,5,Senador,Senador,MDB,MDB,15,,c,CORAÇÃO DA GENTE,1,519434,519434,0,0,519434,519434
MT,5,Senador,Senador,PL,PL,22,,c,CORAÇÃO DA GENTE,1,977777,977777,0,0,977777,977777
MT,5,Senador,Senador,DEMOCRATA,DEMOCRATA,35,,i,DEMOCRATA,1,12819,12819,0,0,12819,12819
MT,5,Senador,Senador,PP,PP,11,104,c,MATO GROSSO NAO PODE PARAR I,1,65559,65559,0,0,65559,65559
MT,5,Senador,Senador,UNIAO,UNIÃO,44,104,c,MATO GROSSO NAO PODE PARAR I,1,1187352,1187352,0,0,1187352,1187352
MT,5,Senador,Senador,PSB,PSB,40,,c,MATO GROSSO PARA TODOS,1,224621,224621,0,0,224621,224621
MT,5,Senador,Senador,PSD,PSD,55,,c,MATO GROSSO PARA TODOS,1,411020,411020,0,0,411020,411020
MT,5,Senador,Senador,AGIR,AGIR,36,,i,AGIR,2,7417,7417,0,0,7417,7417
MT,5,Senador,Senador,AVANTE,AVANTE,70,,i,AVANTE,1,169265,169265,0,0,169265,169265
MT,6,Deputado Federal,Dep. Federal,MISSAO,MISSÃO,14,,i,PARTIDO MISSÃO,6,8730,8730,831,831,8730,8730
MT,6,Deputado Federal,Dep. Federal,PSDB,PSDB,45,100,f,FEDERAÇÃO PSDB CIDADANIA,6,16039,16039,1926,1926,16039,16039
MT,6,Deputado Federal,Dep. Federal,CIDADANIA,CIDADANIA,23,100,f,FEDERAÇÃO PSDB CIDADANIA,0,0,0,641,641,0,0
MT,6,Deputado Federal,Dep. Federal,NOVO,NOVO,30,,i,PARTIDO NOVO,9,51484,51484,1413,1413,51484,51484
MT,6,Deputado Federal,Dep. Federal,DEMOCRATA,DEMOCRATA,35,,i,DEMOCRATA,5,1235,1235,138,138,1235,1235
MT,6,Deputado Federal,Dep. Federal,DC,DC,27,,i,DEMOCRACIA CRISTÃ,6,1368,1368,45,45,1368,1368
MT,6,Deputado Federal,Dep. Federal,AVANTE,AVANTE,70,,i,AVANTE,9,14986,14986,327,327,14986,14986
MT,6,Deputado Federal,Dep. Federal,PP,PP,11,104,f,FEDERAÇÃO UNIÃO PROGRESSISTA,3,76201,76201,2490,2490,76201,76201
MT,6,Deputado Federal,Dep. Federal,UNIAO,UNIÃO,44,104,f,FEDERAÇÃO UNIÃO PROGRESSISTA,4,279449,279449,6180,6180,279449,279449
MT,6,Deputado Federal,Dep. Federal,PDT,PDT,12,,i,PARTIDO DEMOCRÁTICO TRABALHISTA,9,4925,5243,3145,3145,5243,4925
MT,6,Deputado Federal,Dep. Federal,PL,PL,22,,i,PARTIDO LIBERAL,9,519652,519652,11743,11743,519652,519652
MT,6,Deputado Federal,Dep. Federal,PRD,PRD,25,103,f,FEDERAÇÃO RENOVAÇÃO SOLIDÁRIA,6,7665,7665,375,375,7665,7665
MT,6,Deputado Federal,Dep. Federal,SOLIDARIEDADE,SOLIDARIEDADE,77,103,f,FEDERAÇÃO RENOVAÇÃO SOLIDÁRIA,3,2571,2571,95,95,2571,2571
MT,6,Deputado Federal,Dep. Federal,PSB,PSB,40,,i,PARTIDO SOCIALISTA BRASILEIRO,5,1648,4219,758,758,4219,1648
MT,6,Deputado Federal,Dep. Federal,REPUBLICANOS,REPUBLICANOS,10,,i,REPUBLICANOS,9,218896,218896,6247,6247,218896,218896
MT,6,Deputado Federal,Dep. Federal,PT,PT,13,101,f,FEDERAÇÃO BRASIL DA ESPERANÇA - FE BRASIL,5,179581,179581,11304,11304,179581,179581
MT,6,Deputado Federal,Dep. Federal,PCDOB,PCDOB,65,101,f,FEDERAÇÃO BRASIL DA ESPERANÇA - FE BRASIL,2,12763,12763,237,237,12763,12763
MT,6,Deputado Federal,Dep. Federal,PV,PV,43,101,f,FEDERAÇÃO BRASIL DA ESPERANÇA - FE BRASIL,2,31027,31027,374,374,31027,31027
MT,6,Deputado Federal,Dep. Federal,PSD,PSD,55,,i,PARTIDO SOCIAL DEMOCRÁTICO,8,172545,172545,3727,3727,172545,172545
MT,6,Deputado Federal,Dep. Federal,PSOL,PSOL,50,102,f,FEDERAÇÃO PSOL REDE,5,1743,1743,561,561,1743,1743
MT,6,Deputado Federal,Dep. Federal,REDE,REDE,18,102,f,FEDERAÇÃO PSOL REDE,4,859,859,372,372,859,859
MT,6,Deputado Federal,Dep. Federal,PODE,PODE,20,,i,PODEMOS,9,237728,237728,5604,5604,237728,237728
MT,6,Deputado Federal,Dep. Federal,AGIR,AGIR,36,,i,AGIR,5,1941,1941,150,150,1941,1941
MT,7,Deputado Estadual,Dep. Estadual/Distrital,PL,PL,22,,i,PARTIDO LIBERAL,25,251425,251425,18818,18818,251425,251425
MT,7,Deputado Estadual,Dep. Estadual/Distrital,MDB,MDB,15,,i,MOVIMENTO DEMOCRÁTICO BRASILEIRO,23,246062,246062,12721,12721,246062,246062
MT,7,Deputado Estadual,Dep. Estadual/Distrital,CIDADANIA,CIDADANIA,23,100,f,FEDERAÇÃO PSDB CIDADANIA,2,292,292,697,697,292,292
MT,7,Deputado Estadual,Dep. Estadual/Distrital,PSDB,PSDB,45,100,f,FEDERAÇÃO PSDB CIDADANIA,23,141334,141334,3226,3226,141334,141334
MT,7,Deputado Estadual,Dep. Estadual/Distrital,AGIR,AGIR,36,,i,AGIR,13,2153,2208,186,186,2208,2153
MT,7,Deputado Estadual,Dep. Estadual/Distrital,PSD,PSD,55,,i,PARTIDO SOCIAL DEMOCRÁTICO,23,63012,63012,14005,14005,63012,63012
MT,7,Deputado Estadual,Dep. Estadual/Distrital,PDT,PDT,12,,i,PARTIDO DEMOCRÁTICO TRABALHISTA,22,4665,4665,1953,1953,4665,4665
MT,7,Deputado Estadual,Dep. Estadual/Distrital,PCDOB,PCDOB,65,101,f,FEDERAÇÃO BRASIL DA ESPERANÇA - FE BRASIL,3,2309,2309,258,258,2309,2309
MT,7,Deputado Estadual,Dep. Estadual/Distrital,PT,PT,13,101,f,FEDERAÇÃO BRASIL DA ESPERANÇA - FE BRASIL,14,162385,162385,11352,11352,162385,162385
MT,7,Deputado Estadual,Dep. Estadual/Distrital,PV,PV,43,101,f,FEDERAÇÃO BRASIL DA ESPERANÇA - FE BRASIL,5,16774,16774,895,895,16774,16774
MT,7,Deputado Estadual,Dep. Estadual/Distrital,REDE,REDE,18,102,f,FEDERAÇÃO PSOL REDE,7,601,601,319,319,601,601
MT,7,Deputado Estadual,Dep. Estadual/Distrital,PSOL,PSOL,50,102,f,FEDERAÇÃO PSOL REDE,14,1111,1111,407,407,1111,1111
MT,7,Deputado Estadual,Dep. Estadual/Distrital,PODE,PODE,20,,i,PODEMOS,24,462843,462843,6260,6260,462843,462843
MT,7,Deputado Estadual,Dep. Estadual/Distrital,REPUBLICANOS,REPUBLICANOS,10,,i,REPUBLICANOS,23,292636,294177,7001,7001,294177,292636
MT,7,Deputado Estadual,Dep. Estadual/Distrital,NOVO,NOVO,30,,i,PARTIDO NOVO,25,53765,53765,1274,1274,53765,53765
MT,7,Deputado Estadual,Dep. Estadual/Distrital,UNIAO,UNIÃO,44,104,f,FEDERAÇÃO UNIÃO PROGRESSISTA,8,120663,120663,21387,21387,120663,120663
MT,7,Deputado Estadual,Dep. Estadual/Distrital,PP,PP,11,104,f,FEDERAÇÃO UNIÃO PROGRESSISTA,1,243,243,2798,2798,243,243
PA,3,Governador,Governador,PSTU,PSTU,16,,i,PARTIDO SOCIALISTA  DOS TRABALHADORES UNIFICADO,1,2676,2676,0,0,2676,2676
PA,3,Governador,Governador,UP,UP,80,,i,UNIDADE POPULAR,1,5503,5503,0,0,5503,5503
PA,3,Governador,Governador,PSOL,PSOL,50,102,f,FEDERAÇÃO PSOL REDE,1,85857,85857,0,0,85857,85857
PA,3,Governador,Governador,MDB,MDB,15,,c,O PARÁ TÁ JUNTO,1,2125084,2125084,0,0,2125084,2125084
PA,3,Governador,Governador,PODE,PODE,20,,c,"""O PARÁ É DO POVO!""",1,2345721,2345721,0,0,2345721,2345721
PA,3,Governador,Governador,DEMOCRATA,DEMOCRATA,35,,i,DEMOCRATA,1,0,1987,0,0,1987,0
PA,5,Senador,Senador,PL,PL,22,,i,PARTIDO LIBERAL,1,1997768,1997768,0,0,1997768,1997768
PA,5,Senador,Senador,UP,UP,80,,i,UNIDADE POPULAR,1,13359,13359,0,0,13359,13359
PA,5,Senador,Senador,SOLIDARIEDADE,SOLIDARIEDADE,77,103,f,FEDERAÇÃO RENOVAÇÃO SOLIDÁRIA,1,39864,39864,0,0,39864,39864
PA,5,Senador,Senador,DC,DC,27,,i,DEMOCRACIA CRISTÃ,1,12547,12547,0,0,12547,12547
PA,5,Senador,Senador,PODE,PODE,20,,i,PODEMOS,1,1889653,1889653,0,0,1889653,1889653
PA,5,Senador,Senador,DEMOCRATA,DEMOCRATA,35,,i,DEMOCRATA,1,0,8766,0,0,8766,0
PA,5,Senador,Senador,MOBILIZA,MOBILIZA,33,,i,MOBILIZAÇÃO NACIONAL,1,0,7047,0,0,7047,0
PA,5,Senador,Senador,PDT,PDT,12,,i,PARTIDO DEMOCRÁTICO TRABALHISTA,1,526994,526994,0,0,526994,526994
PA,5,Senador,Senador,UNIAO,UNIÃO,44,104,c,O PARÁ TÁ JUNTO,1,2014409,2014409,0,0,2014409,2014409
PA,5,Senador,Senador,MDB,MDB,15,,c,O PARÁ TÁ JUNTO,1,2342070,2342070,0,0,2342070,2342070
PA,5,Senador,Senador,PSOL,PSOL,50,102,f,FEDERAÇÃO PSOL REDE,2,120898,120898,0,0,120898,120898
PA,6,Deputado Federal,Dep. Federal,PSB,PSB,40,,i,PARTIDO SOCIALISTA BRASILEIRO,18,369500,369500,2434,2434,369500,369500
PA,6,Deputado Federal,Dep. Federal,MISSAO,MISSÃO,14,,i,PARTIDO MISSÃO,10,9830,9830,1611,1611,9830,9830
PA,6,Deputado Federal,Dep. Federal,PSTU,PSTU,16,,i,PARTIDO SOCIALISTA  DOS TRABALHADORES UNIFICADO,3,2182,2182,671,671,2182,2182
PA,6,Deputado Federal,Dep. Federal,PSD,PSD,55,,i,PARTIDO SOCIAL DEMOCRÁTICO,17,439569,439569,4835,4835,439569,439569
PA,6,Deputado Federal,Dep. Federal,REPUBLICANOS,REPUBLICANOS,10,,i,REPUBLICANOS,18,161166,161166,2546,2546,161166,161166
PA,6,Deputado Federal,Dep. Federal,PP,PP,11,104,f,FEDERAÇÃO UNIÃO PROGRESSISTA,6,163078,163078,8217,8217,163078,163078
PA,6,Deputado Federal,Dep. Federal,UNIAO,UNIÃO,44,104,f,FEDERAÇÃO UNIÃO PROGRESSISTA,12,223863,223863,5584,5584,223863,223863
PA,6,Deputado Federal,Dep. Federal,PDT,PDT,12,,i,PARTIDO DEMOCRÁTICO TRABALHISTA,17,48148,48148,9272,9272,48148,48148
PA,6,Deputado Federal,Dep. Federal,SOLIDARIEDADE,SOLIDARIEDADE,77,103,f,FEDERAÇÃO RENOVAÇÃO SOLIDÁRIA,12,30027,30442,572,572,30442,30027
PA,6,Deputado Federal,Dep. Federal,PRD,PRD,25,103,f,FEDERAÇÃO RENOVAÇÃO SOLIDÁRIA,6,2005,2005,978,978,2005,2005
PA,6,Deputado Federal,Dep. Federal,PV,PV,43,101,f,FEDERAÇÃO BRASIL DA ESPERANÇA - FE BRASIL,2,966,966,1791,1791,966,966
PA,6,Deputado Federal,Dep. Federal,PT,PT,13,101,f,FEDERAÇÃO BRASIL DA ESPERANÇA - FE BRASIL,14,445351,445351,25345,25345,445351,445351
PA,6,Deputado Federal,Dep. Federal,PCDOB,PCDOB,65,101,f,FEDERAÇÃO BRASIL DA ESPERANÇA - FE BRASIL,2,14889,14889,567,567,14889,14889
PA,6,Deputado Federal,Dep. Federal,PODE,PODE,20,,i,PODEMOS,18,533539,533539,8147,8147,533539,533539
PA,6,Deputado Federal,Dep. Federal,PL,PL,22,,i,PARTIDO LIBERAL,18,742381,742381,14640,14640,742381,742381
PA,6,Deputado Federal,Dep. Federal,AVANTE,AVANTE,70,,i,AVANTE,10,5989,5989,1876,1876,5989,5989
PA,6,Deputado Federal,Dep. Federal,MDB,MDB,15,,i,MOVIMENTO DEMOCRÁTICO BRASILEIRO,11,1353768,1353768,32120,32120,1353768,1353768
PA,6,Deputado Federal,Dep. Federal,PSDB,PSDB,45,100,f,FEDERAÇÃO PSDB CIDADANIA,2,403,403,1429,1429,403,403
PA,6,Deputado Federal,Dep. Federal,CIDADANIA,CIDADANIA,23,100,f,FEDERAÇÃO PSDB CIDADANIA,3,1033,1033,862,862,1033,1033
PA,6,Deputado Federal,Dep. Federal,NOVO,NOVO,30,,i,PARTIDO NOVO,17,60058,60058,556,556,60058,60058
PA,6,Deputado Federal,Dep. Federal,PSOL,PSOL,50,102,f,FEDERAÇÃO PSOL REDE,12,91445,91445,2499,2499,91445,91445
PA,6,Deputado Federal,Dep. Federal,REDE,REDE,18,102,f,FEDERAÇÃO PSOL REDE,5,1172,1172,640,640,1172,1172
PA,6,Deputado Federal,Dep. Federal,DC,DC,27,,i,DEMOCRACIA CRISTÃ,13,2755,2755,117,117,2755,2755
PA,6,Deputado Federal,Dep. Federal,MOBILIZA,MOBILIZA,33,,i,MOBILIZAÇÃO NACIONAL,2,0,307,0,491,307,0
PA,6,Deputado Federal,Dep. Federal,UP,UP,80,,i,UNIDADE POPULAR,2,1686,1686,125,125,1686,1686
PA,7,Deputado Estadual,Dep. Estadual/Distrital,PL,PL,22,,i,PARTIDO LIBERAL,42,714917,714917,49579,49579,714917,714917
PA,7,Deputado Estadual,Dep. Estadual/Distrital,PT,PT,13,101,f,FEDERAÇÃO BRASIL DA ESPERANÇA - FE BRASIL,33,382471,382471,21037,21037,382471,382471
PA,7,Deputado Estadual,Dep. Estadual/Distrital,PV,PV,43,101,f,FEDERAÇÃO BRASIL DA ESPERANÇA - FE BRASIL,6,77990,77990,1461,1461,77990,77990
PA,7,Deputado Estadual,Dep. Estadual/Distrital,PCDOB,PCDOB,65,101,f,FEDERAÇÃO BRASIL DA ESPERANÇA - FE BRASIL,2,13183,13183,701,701,13183,13183
PA,7,Deputado Estadual,Dep. Estadual/Distrital,PSTU,PSTU,16,,i,PARTIDO SOCIALISTA  DOS TRABALHADORES UNIFICADO,2,313,509,755,755,509,313
PA,7,Deputado Estadual,Dep. Estadual/Distrital,REPUBLICANOS,REPUBLICANOS,10,,i,REPUBLICANOS,39,250534,250534,5958,5958,250534,250534
PA,7,Deputado Estadual,Dep. Estadual/Distrital,MDB,MDB,15,,i,MOVIMENTO DEMOCRÁTICO BRASILEIRO,33,1302779,1302779,121015,121015,1302779,1302779
PA,7,Deputado Estadual,Dep. Estadual/Distrital,PSD,PSD,55,,i,PARTIDO SOCIAL DEMOCRÁTICO,18,388163,388163,10100,10100,388163,388163
PA,7,Deputado Estadual,Dep. Estadual/Distrital,PODE,PODE,20,,i,PODEMOS,40,285781,285781,32936,32936,285781,285781
PA,7,Deputado Estadual,Dep. Estadual/Distrital,UNIAO,UNIÃO,44,104,f,FEDERAÇÃO UNIÃO PROGRESSISTA,23,386794,386951,26666,26666,386951,386794
PA,7,Deputado Estadual,Dep. Estadual/Distrital,PP,PP,11,104,f,FEDERAÇÃO UNIÃO PROGRESSISTA,6,134323,134323,6348,6348,134323,134323
PA,7,Deputado Estadual,Dep. Estadual/Distrital,PSDB,PSDB,45,100,f,FEDERAÇÃO PSDB CIDADANIA,11,1633,1633,3898,3898,1633,1633
PA,7,Deputado Estadual,Dep. Estadual/Distrital,CIDADANIA,CIDADANIA,23,100,f,FEDERAÇÃO PSDB CIDADANIA,5,452,452,987,987,452,452
PA,7,Deputado Estadual,Dep. Estadual/Distrital,DC,DC,27,,i,DEMOCRACIA CRISTÃ,10,1500,1500,295,295,1500,1500
PA,7,Deputado Estadual,Dep. Estadual/Distrital,MOBILIZA,MOBILIZA,33,,i,MOBILIZAÇÃO NACIONAL,4,0,268,0,491,268,0
PA,7,Deputado Estadual,Dep. Estadual/Distrital,AVANTE,AVANTE,70,,i,AVANTE,27,314380,314380,2967,2967,314380,314380
PA,7,Deputado Estadual,Dep. Estadual/Distrital,UP,UP,80,,i,UNIDADE POPULAR,2,1414,1414,240,240,1414,1414
PA,7,Deputado Estadual,Dep. Estadual/Distrital,NOVO,NOVO,30,,i,PARTIDO NOVO,18,15031,15031,895,895,15031,15031
PA,7,Deputado Estadual,Dep. Estadual/Distrital,PDT,PDT,12,,i,PARTIDO DEMOCRÁTICO TRABALHISTA,35,128175,128175,17229,17229,128175,128175
PA,7,Deputado Estadual,Dep. Estadual/Distrital,PSOL,PSOL,50,102,f,FEDERAÇÃO PSOL REDE,11,105534,105534,4047,4047,105534,105534
PA,7,Deputado Estadual,Dep. Estadual/Distrital,REDE,REDE,18,102,f,FEDERAÇÃO PSOL REDE,9,3119,3119,521,521,3119,3119
PA,7,Deputado Estadual,Dep. Estadual/Distrital,SOLIDARIEDADE,SOLIDARIEDADE,77,103,f,FEDERAÇÃO RENOVAÇÃO SOLIDÁRIA,13,5618,5618,1246,1246,5618,5618
PA,7,Deputado Estadual,Dep. Estadual/Distrital,PRD,PRD,25,103,f,FEDERAÇÃO RENOVAÇÃO SOLIDÁRIA,4,889,889,1246,1246,889,889
PB,3,Governador,Governador,MDB,MDB,15,,c,JUNTOS PARA A PARAÍBA DAR O PRÓXIMO PASSO,1,252884,252884,0,0,252884,252884
PB,3,Governador,Governador,PCO,PCO,29,,i,PARTIDO DA CAUSA OPERÁRIA,1,2378,2378,0,0,2378,2378
PB,3,Governador,Governador,PP,PP,11,104,c,DAQUI PRA MELHOR,1,1470252,1470252,0,0,1470252,1470252
PB,3,Governador,Governador,UP,UP,80,,i,UNIDADE POPULAR,1,8272,8272,0,0,8272,8272
PB,3,Governador,Governador,PL,PL,22,,i,PARTIDO LIBERAL,1,552836,552836,0,0,552836,552836
PB,5,Senador,Senador,PSB,PSB,40,,c,COLIGAÇÃO DAQUI PRA MELHOR,1,1391994,1391994,0,0,1391994,1391994
PB,5,Senador,Senador,REPUBLICANOS,REPUBLICANOS,10,,c,COLIGAÇÃO DAQUI PRA MELHOR,1,895398,895398,0,0,895398,895398
PB,5,Senador,Senador,PL,PL,22,,i,PARTIDO LIBERAL,1,533723,533723,0,0,533723,533723
PB,5,Senador,Senador,MDB,MDB,15,,c,JUNTOS PARA A PARAÍBA DAR O PRÓXIMO PASSO,2,1095722,1095722,0,0,1095722,1095722
PB,5,Senador,Senador,NOVO,NOVO,30,,i,PARTIDO NOVO,1,329160,329160,0,0,329160,329160
PB,5,Senador,Senador,DC,DC,27,,i,DEMOCRACIA CRISTÃ,1,8519,8519,0,0,8519,8519
PB,5,Senador,Senador,PCO,PCO,29,,i,PARTIDO DA CAUSA OPERÁRIA,1,2676,2676,0,0,2676,2676
PB,5,Senador,Senador,UP,UP,80,,i,UNIDADE POPULAR,2,25570,25570,0,0,25570,25570
PB,6,Deputado Federal,Dep. Federal,REPUBLICANOS,REPUBLICANOS,10,,i,REPUBLICANOS,13,528678,528678,8429,8429,528678,528678
PB,6,Deputado Federal,Dep. Federal,DC,DC,27,,i,DEMOCRACIA CRISTÃ,6,458,3398,78,78,3398,458
PB,6,Deputado Federal,Dep. Federal,MOBILIZA,MOBILIZA,33,,i,MOBILIZAÇÃO NACIONAL,6,1368,1368,319,319,1368,1368
PB,6,Deputado Federal,Dep. Federal,PSD,PSD,55,,i,PARTIDO SOCIAL DEMOCRÁTICO,13,210087,210087,2413,2413,210087,210087
PB,6,Deputado Federal,Dep. Federal,PCO,PCO,29,,i,PARTIDO DA CAUSA OPERÁRIA,2,144,144,135,135,144,144
PB,6,Deputado Federal,Dep. Federal,UP,UP,80,,i,UNIDADE POPULAR,2,1229,1229,140,140,1229,1229
PB,6,Deputado Federal,Dep. Federal,UNIAO,UNIÃO,44,104,f,FEDERAÇÃO UNIÃO PROGRESSISTA,3,75593,75593,2825,2825,75593,75593
PB,6,Deputado Federal,Dep. Federal,PP,PP,11,104,f,FEDERAÇÃO UNIÃO PROGRESSISTA,9,331020,331020,11877,11877,331020,331020
PB,6,Deputado Federal,Dep. Federal,PV,PV,43,101,f,FEDERAÇÃO BRASIL DA ESPERANÇA - FE BRASIL,0,0,0,1744,1744,0,0
PB,6,Deputado Federal,Dep. Federal,PT,PT,13,101,f,FEDERAÇÃO BRASIL DA ESPERANÇA - FE BRASIL,7,263120,263120,11808,11808,263120,263120
PB,6,Deputado Federal,Dep. Federal,PCDOB,PCDOB,65,101,f,FEDERAÇÃO BRASIL DA ESPERANÇA - FE BRASIL,3,100336,100336,2024,2024,100336,100336
PB,6,Deputado Federal,Dep. Federal,MISSAO,MISSÃO,14,,i,PARTIDO MISSÃO,6,7099,7099,1747,1747,7099,7099
PB,6,Deputado Federal,Dep. Federal,PDT,PDT,12,,i,PARTIDO DEMOCRÁTICO TRABALHISTA,13,13668,14039,6934,6934,14039,13668
PB,6,Deputado Federal,Dep. Federal,REDE,REDE,18,102,f,FEDERAÇÃO PSOL REDE,8,3810,3810,436,436,3810,3810
PB,6,Deputado Federal,Dep. Federal,PSOL,PSOL,50,102,f,FEDERAÇÃO PSOL REDE,4,6769,6769,646,646,6769,6769
PB,6,Deputado Federal,Dep. Federal,PODE,PODE,20,,i,PODEMOS,11,261346,261346,2954,2954,261346,261346
PB,6,Deputado Federal,Dep. Federal,SOLIDARIEDADE,SOLIDARIEDADE,77,103,f,FEDERAÇÃO RENOVAÇÃO SOLIDÁRIA,7,3212,3533,277,277,3533,3212
PB,6,Deputado Federal,Dep. Federal,PRD,PRD,25,103,f,FEDERAÇÃO RENOVAÇÃO SOLIDÁRIA,5,1789,1789,561,561,1789,1789
PB,6,Deputado Federal,Dep. Federal,PL,PL,22,,i,PARTIDO LIBERAL,13,383137,383137,9094,9094,383137,383137
PB,6,Deputado Federal,Dep. Federal,DEMOCRATA,DEMOCRATA,35,,i,DEMOCRATA,9,1392,1392,112,112,1392,1392
PB,6,Deputado Federal,Dep. Federal,NOVO,NOVO,30,,i,PARTIDO NOVO,13,7660,7660,407,407,7660,7660
PB,6,Deputado Federal,Dep. Federal,PSB,PSB,40,,i,PARTIDO SOCIALISTA BRASILEIRO,11,128506,129085,4568,4568,129085,128506
PB,7,Deputado Estadual,Dep. Estadual/Distrital,PP,PP,11,104,f,FEDERAÇÃO UNIÃO PROGRESSISTA,30,507751,507751,14495,14495,507751,507751
PB,7,Deputado Estadual,Dep. Estadual/Distrital,UNIAO,UNIÃO,44,104,f,FEDERAÇÃO UNIÃO PROGRESSISTA,6,109621,109621,3966,3966,109621,109621
PB,7,Deputado Estadual,Dep. Estadual/Distrital,PSOL,PSOL,50,102,f,FEDERAÇÃO PSOL REDE,5,628,628,415,415,628,628
PB,7,Deputado Estadual,Dep. Estadual/Distrital,REDE,REDE,18,102,f,FEDERAÇÃO PSOL REDE,9,6234,6234,629,629,6234,6234
PB,7,Deputado Estadual,Dep. Estadual/Distrital,PL,PL,22,,i,PARTIDO LIBERAL,32,378644,378644,14779,14779,378644,378644
PB,7,Deputado Estadual,Dep. Estadual/Distrital,REPUBLICANOS,REPUBLICANOS,10,,i,REPUBLICANOS,20,480130,480130,26419,26419,480130,480130
PB,7,Deputado Estadual,Dep. Estadual/Distrital,PDT,PDT,12,,i,PARTIDO DEMOCRÁTICO TRABALHISTA,15,25442,25452,4171,4171,25452,25442
PB,7,Deputado Estadual,Dep. Estadual/Distrital,UP,UP,80,,i,UNIDADE POPULAR,3,2453,2453,295,295,2453,2453
PB,7,Deputado Estadual,Dep. Estadual/Distrital,PV,PV,43,101,f,FEDERAÇÃO BRASIL DA ESPERANÇA - FE BRASIL,10,110590,110590,2183,2183,110590,110590
PB,7,Deputado Estadual,Dep. Estadual/Distrital,PT,PT,13,101,f,FEDERAÇÃO BRASIL DA ESPERANÇA - FE BRASIL,13,91765,91765,11997,11997,91765,91765
PB,7,Deputado Estadual,Dep. Estadual/Distrital,PCDOB,PCDOB,65,101,f,FEDERAÇÃO BRASIL DA ESPERANÇA - FE BRASIL,3,87620,87620,2649,2649,87620,87620
PB,7,Deputado Estadual,Dep. Estadual/Distrital,MDB,MDB,15,,i,MOVIMENTO DEMOCRÁTICO BRASILEIRO,31,271614,294517,28227,28227,294517,271614
PB,7,Deputado Estadual,Dep. Estadual/Distrital,PSB,PSB,40,,i,PARTIDO SOCIALISTA BRASILEIRO,18,177497,177637,39174,39174,177637,177497
PE,3,Governador,Governador,PSD,PSD,55,,c,PERNAMBUCO DE CORAÇÃO,1,2805438,2805438,0,0,2805438,2805438
PE,3,Governador,Governador,PSOL,PSOL,50,102,c,FRENTE PERNAMBUCO DE LUTA,1,77699,77699,0,0,77699,77699
PE,3,Governador,Governador,PSTU,PSTU,16,,i,PARTIDO SOCIALISTA  DOS TRABALHADORES UNIFICADO,1,987,987,0,0,987,987
PE,3,Governador,Governador,PCO,PCO,29,,i,PARTIDO DA CAUSA OPERÁRIA,1,424,424,0,0,424,424
PE,3,Governador,Governador,UP,UP,80,,i,UNIDADE POPULAR,1,3495,3495,0,0,3495,3495
PE,3,Governador,Governador,MISSAO,MISSÃO,14,,i,PARTIDO MISSÃO,1,18340,18340,0,0,18340,18340
PE,3,Governador,Governador,PSB,PSB,40,,c,FRENTE POPULAR DE PERNAMBUCO,1,2360469,2360469,0,0,2360469,2360469
PE,5,Senador,Senador,UP,UP,80,,i,UNIDADE POPULAR,2,10689,10689,0,0,10689,10689
PE,5,Senador,Senador,NOVO,NOVO,30,,i,PARTIDO NOVO,1,698316,698316,0,0,698316,698316
PE,5,Senador,Senador,PSTU,PSTU,16,,i,PARTIDO SOCIALISTA  DOS TRABALHADORES UNIFICADO,1,2417,2417,0,0,2417,2417
PE,5,Senador,Senador,PP,PP,11,104,c,PERNAMBUCO DE CORAÇÃO,1,1289058,1289058,0,0,1289058,1289058
PE,5,Senador,Senador,PSD,PSD,55,,c,PERNAMBUCO DE CORAÇÃO,1,671975,671975,0,0,671975,671975
PE,5,Senador,Senador,DEMOCRATA,DEMOCRATA,35,,i,DEMOCRATA,1,0,18179,0,0,18179,0
PE,5,Senador,Senador,PDT,PDT,12,,c,FRENTE POPULAR DE PERNAMBUCO,1,2325127,2325127,0,0,2325127,2325127
PE,5,Senador,Senador,PT,PT,13,101,c,FRENTE POPULAR DE PERNAMBUCO,1,2531389,2531389,0,0,2531389,2531389
PE,5,Senador,Senador,REDE,REDE,18,102,c,FRENTE PERNAMBUCO DE LUTA,1,34062,34062,0,0,34062,34062
PE,5,Senador,Senador,PL,PL,22,,i,PARTIDO LIBERAL,1,1728587,1728587,0,0,1728587,1728587
PE,5,Senador,Senador,PCO,PCO,29,,i,PARTIDO DA CAUSA OPERÁRIA,1,1158,1158,0,0,1158,1158
PE,6,Deputado Federal,Dep. Federal,PP,PP,11,104,f,FEDERAÇÃO UNIÃO PROGRESSISTA,16,415304,415304,11202,11202,415304,415304
PE,6,Deputado Federal,Dep. Federal,UNIAO,UNIÃO,44,104,f,FEDERAÇÃO UNIÃO PROGRESSISTA,10,433253,433253,5714,5714,433253,433253
PE,6,Deputado Federal,Dep. Federal,PSB,PSB,40,,i,PARTIDO SOCIALISTA BRASILEIRO,26,840706,841478,15840,15840,841478,840706
PE,6,Deputado Federal,Dep. Federal,UP,UP,80,,i,UNIDADE POPULAR,2,782,782,207,207,782,782
PE,6,Deputado Federal,Dep. Federal,PSDB,PSDB,45,100,f,FEDERAÇÃO PSDB CIDADANIA,20,62553,62795,2017,2017,62795,62553
PE,6,Deputado Federal,Dep. Federal,CIDADANIA,CIDADANIA,23,100,f,FEDERAÇÃO PSDB CIDADANIA,3,515,515,1290,1290,515,515
PE,6,Deputado Federal,Dep. Federal,PCO,PCO,29,,i,PARTIDO DA CAUSA OPERÁRIA,2,63,173,270,270,173,63
PE,6,Deputado Federal,Dep. Federal,PSD,PSD,55,,i,PARTIDO SOCIAL DEMOCRÁTICO,25,433230,433230,16838,16838,433230,433230
PE,6,Deputado Federal,Dep. Federal,MISSAO,MISSÃO,14,,i,PARTIDO MISSÃO,24,24445,24445,2500,2500,24445,24445
PE,6,Deputado Federal,Dep. Federal,REPUBLICANOS,REPUBLICANOS,10,,i,REPUBLICANOS,25,420732,420732,5228,5228,420732,420732
PE,6,Deputado Federal,Dep. Federal,NOVO,NOVO,30,,i,PARTIDO NOVO,26,200742,200742,2285,2285,200742,200742
PE,6,Deputado Federal,Dep. Federal,AVANTE,AVANTE,70,,i,AVANTE,24,189467,189467,1995,1995,189467,189467
PE,6,Deputado Federal,Dep. Federal,PDT,PDT,12,,i,PARTIDO DEMOCRÁTICO TRABALHISTA,14,15132,15132,19485,19485,15132,15132
PE,6,Deputado Federal,Dep. Federal,MDB,MDB,15,,i,MOVIMENTO DEMOCRÁTICO BRASILEIRO,24,191557,191557,3921,3921,191557,191557
PE,6,Deputado Federal,Dep. Federal,PSOL,PSOL,50,102,f,FEDERAÇÃO PSOL REDE,14,258495,258495,2600,2600,258495,258495
PE,6,Deputado Federal,Dep. Federal,REDE,REDE,18,102,f,FEDERAÇÃO PSOL REDE,6,3061,3061,583,583,3061,3061
PE,6,Deputado Federal,Dep. Federal,PT,PT,13,101,f,FEDERAÇÃO BRASIL DA ESPERANÇA - FE BRASIL,11,470408,470408,41963,41963,470408,470408
PE,6,Deputado Federal,Dep. Federal,PCDOB,PCDOB,65,101,f,FEDERAÇÃO BRASIL DA ESPERANÇA - FE BRASIL,3,96213,96213,2355,2355,96213,96213
PE,6,Deputado Federal,Dep. Federal,PV,PV,43,101,f,FEDERAÇÃO BRASIL DA ESPERANÇA - FE BRASIL,7,100450,100450,5664,5664,100450,100450
PE,6,Deputado Federal,Dep. Federal,PODE,PODE,20,,i,PODEMOS,25,548751,548751,5049,5049,548751,548751
PE,6,Deputado Federal,Dep. Federal,PL,PL,22,,i,PARTIDO LIBERAL,22,358582,358582,14597,14597,358582,358582
PE,6,Deputado Federal,Dep. Federal,SOLIDARIEDADE,SOLIDARIEDADE,77,103,f,FEDERAÇÃO RENOVAÇÃO SOLIDÁRIA,19,18136,18136,617,617,18136,18136
PE,6,Deputado Federal,Dep. Federal,PRD,PRD,25,103,f,FEDERAÇÃO RENOVAÇÃO SOLIDÁRIA,6,17534,17534,1120,1120,17534,17534
PE,6,Deputado Federal,Dep. Federal,DC,DC,27,,i,DEMOCRACIA CRISTÃ,6,955,955,97,97,955,955
PE,7,Deputado Estadual,Dep. Estadual/Distrital,PCO,PCO,29,,i,PARTIDO DA CAUSA OPERÁRIA,2,59,251,183,183,251,59
PE,7,Deputado Estadual,Dep. Estadual/Distrital,PDT,PDT,12,,i,PARTIDO DEMOCRÁTICO TRABALHISTA,6,6747,6747,53985,53985,6747,6747
PE,7,Deputado Estadual,Dep. Estadual/Distrital,UNIAO,UNIÃO,44,104,f,FEDERAÇÃO UNIÃO PROGRESSISTA,17,105885,105885,7969,7969,105885,105885
PE,7,Deputado Estadual,Dep. Estadual/Distrital,PP,PP,11,104,f,FEDERAÇÃO UNIÃO PROGRESSISTA,27,632181,632181,33742,33742,632181,632181
PE,7,Deputado Estadual,Dep. Estadual/Distrital,PODE,PODE,20,,i,PODEMOS,46,572093,572093,11369,11369,572093,572093
PE,7,Deputado Estadual,Dep. Estadual/Distrital,UP,UP,80,,i,UNIDADE POPULAR,2,751,751,383,383,751,751
PE,7,Deputado Estadual,Dep. Estadual/Distrital,NOVO,NOVO,30,,i,PARTIDO NOVO,50,114386,116909,4695,4695,116909,114386
PE,7,Deputado Estadual,Dep. Estadual/Distrital,PV,PV,43,101,f,FEDERAÇÃO BRASIL DA ESPERANÇA - FE BRASIL,9,249260,249260,5879,5879,249260,249260
PE,7,Deputado Estadual,Dep. Estadual/Distrital,PT,PT,13,101,f,FEDERAÇÃO BRASIL DA ESPERANÇA - FE BRASIL,10,480281,480281,100983,100983,480281,480281
PE,7,Deputado Estadual,Dep. Estadual/Distrital,PCDOB,PCDOB,65,101,f,FEDERAÇÃO BRASIL DA ESPERANÇA - FE BRASIL,3,74310,74310,2906,2906,74310,74310
PE,7,Deputado Estadual,Dep. Estadual/Distrital,PSTU,PSTU,16,,i,PARTIDO SOCIALISTA  DOS TRABALHADORES UNIFICADO,2,394,394,543,543,394,394
PE,7,Deputado Estadual,Dep. Estadual/Distrital,REDE,REDE,18,102,f,FEDERAÇÃO PSOL REDE,14,5057,5057,648,648,5057,5057
PE,7,Deputado Estadual,Dep. Estadual/Distrital,PSOL,PSOL,50,102,f,FEDERAÇÃO PSOL REDE,17,65135,65135,3613,3613,65135,65135
PE,7,Deputado Estadual,Dep. Estadual/Distrital,MOBILIZA,MOBILIZA,33,,i,MOBILIZAÇÃO NACIONAL,40,0,5933,0,746,5933,0
PE,7,Deputado Estadual,Dep. Estadual/Distrital,AVANTE,AVANTE,70,,i,AVANTE,47,145179,145179,4399,4399,145179,145179
PE,7,Deputado Estadual,Dep. Estadual/Distrital,REPUBLICANOS,REPUBLICANOS,10,,i,REPUBLICANOS,28,157124,157124,9309,9309,157124,157124
PE,7,Deputado Estadual,Dep. Estadual/Distrital,MISSAO,MISSÃO,14,,i,PARTIDO MISSÃO,12,19367,19367,3945,3945,19367,19367
PE,7,Deputado Estadual,Dep. Estadual/Distrital,PRD,PRD,25,103,f,FEDERAÇÃO RENOVAÇÃO SOLIDÁRIA,2,897,897,1741,1741,897,897
PE,7,Deputado Estadual,Dep. Estadual/Distrital,SOLIDARIEDADE,SOLIDARIEDADE,77,103,f,FEDERAÇÃO RENOVAÇÃO SOLIDÁRIA,6,1805,1805,1796,1796,1805,1805
PE,7,Deputado Estadual,Dep. Estadual/Distrital,PSD,PSD,55,,i,PARTIDO SOCIAL DEMOCRÁTICO,36,882270,882270,34067,34067,882270,882270
PE,7,Deputado Estadual,Dep. Estadual/Distrital,PL,PL,22,,i,PARTIDO LIBERAL,43,345272,345272,35583,35583,345272,345272
PE,7,Deputado Estadual,Dep. Estadual/Distrital,PSB,PSB,40,,i,PARTIDO SOCIALISTA BRASILEIRO,39,833867,833867,35588,35588,833867,833867
PE,7,Deputado Estadual,Dep. Estadual/Distrital,MDB,MDB,15,,i,MOVIMENTO DEMOCRÁTICO BRASILEIRO,29,195628,195628,7019,7019,195628,195628
PI,3,Governador,Governador,NOVO,NOVO,30,,c,A FORÇA DA FÉ,1,5141,5141,0,0,5141,5141
PI,3,Governador,Governador,DC,DC,27,,i,DEMOCRACIA CRISTÃ,1,0,1102,0,0,1102,0
PI,3,Governador,Governador,DEMOCRATA,DEMOCRATA,35,,i,DEMOCRATA,1,0,819,0,0,819,0
PI,3,Governador,Governador,PSDB,PSDB,45,100,f,FEDERAÇÃO PSDB CIDADANIA,1,9611,9611,0,0,9611,9611
PI,3,Governador,Governador,PSOL,PSOL,50,102,f,FEDERAÇÃO PSOL REDE,1,10002,10002,0,0,10002,10002
PI,3,Governador,Governador,UP,UP,80,,i,UNIDADE POPULAR,1,1777,1777,0,0,1777,1777
PI,3,Governador,Governador,PSTU,PSTU,16,,i,PARTIDO SOCIALISTA  DOS TRABALHADORES UNIFICADO,1,0,1858,0,0,1858,0
PI,3,Governador,Governador,PP,PP,11,104,c,JUNTOS PELO PIAUÍ,1,557972,557972,0,0,557972,557972
PI,3,Governador,Governador,PT,PT,13,101,c,A FORÇA DO POVO,1,1436697,1436697,0,0,1436697,1436697
PI,3,Governador,Governador,PCO,PCO,29,,i,PARTIDO DA CAUSA OPERÁRIA,1,0,1296,0,0,1296,0
PI,5,Senador,Senador,UP,UP,80,,i,UNIDADE POPULAR,1,5909,5909,0,0,5909,5909
PI,5,Senador,Senador,DC,DC,27,,i,DEMOCRACIA CRISTÃ,2,0,14111,0,0,14111,0
PI,5,Senador,Senador,PSTU,PSTU,16,,i,PARTIDO SOCIALISTA  DOS TRABALHADORES UNIFICADO,1,0,2790,0,0,2790,0
PI,5,Senador,Senador,NOVO,NOVO,30,,c,A FORÇA DA FÉ,1,38544,38544,0,0,38544,38544
PI,5,Senador,Senador,AVANTE,AVANTE,70,,c,A FORÇA DA FÉ,1,22408,22408,0,0,22408,22408
PI,5,Senador,Senador,DEMOCRATA,DEMOCRATA,35,,i,DEMOCRATA,2,0,7989,0,0,7989,0
PI,5,Senador,Senador,PSOL,PSOL,50,102,f,FEDERAÇÃO PSOL REDE,2,38444,38444,0,0,38444,38444
PI,5,Senador,Senador,PSD,PSD,55,,c,A FORÇA DO POVO,1,989146,989146,0,0,989146,989146
PI,5,Senador,Senador,MDB,MDB,15,,c,A FORÇA DO POVO,1,1307833,1307833,0,0,1307833,1307833
PI,5,Senador,Senador,PP,PP,11,104,c,JUNTOS PELO PIAUÍ,1,904961,904961,0,0,904961,904961
PI,5,Senador,Senador,PL,PL,22,,c,JUNTOS PELO PIAUÍ,1,324530,324530,0,0,324530,324530
PI,5,Senador,Senador,PSDB,PSDB,45,100,f,FEDERAÇÃO PSDB CIDADANIA,1,9174,9174,0,0,9174,9174
PI,5,Senador,Senador,PCO,PCO,29,,i,PARTIDO DA CAUSA OPERÁRIA,1,0,634,0,0,634,0
PI,6,Deputado Federal,Dep. Federal,PDT,PDT,12,,i,PARTIDO DEMOCRÁTICO TRABALHISTA,7,6590,6590,10543,10543,6590,6590
PI,6,Deputado Federal,Dep. Federal,MDB,MDB,15,,i,MOVIMENTO DEMOCRÁTICO BRASILEIRO,11,350765,350765,9477,9477,350765,350765
PI,6,Deputado Federal,Dep. Federal,MOBILIZA,MOBILIZA,33,,i,MOBILIZAÇÃO NACIONAL,9,0,1327,0,456,1327,0
PI,6,Deputado Federal,Dep. Federal,AVANTE,AVANTE,70,,i,AVANTE,9,1162,1422,192,192,1422,1162
PI,6,Deputado Federal,Dep. Federal,UP,UP,80,,i,UNIDADE POPULAR,2,684,684,62,62,684,684
PI,6,Deputado Federal,Dep. Federal,REPUBLICANOS,REPUBLICANOS,10,,i,REPUBLICANOS,10,203871,203871,1786,1786,203871,203871
PI,6,Deputado Federal,Dep. Federal,PL,PL,22,,i,PARTIDO LIBERAL,10,41895,42891,3000,3000,42891,41895
PI,6,Deputado Federal,Dep. Federal,PSD,PSD,55,,i,PARTIDO SOCIAL DEMOCRÁTICO,11,349099,349099,8779,8779,349099,349099
PI,6,Deputado Federal,Dep. Federal,PV,PV,43,101,f,FEDERAÇÃO BRASIL DA ESPERANÇA - FE BRASIL,2,191176,191176,4101,4101,191176,191176
PI,6,Deputado Federal,Dep. Federal,PCDOB,PCDOB,65,101,f,FEDERAÇÃO BRASIL DA ESPERANÇA - FE BRASIL,0,0,0,1232,1232,0,0
PI,6,Deputado Federal,Dep. Federal,PT,PT,13,101,f,FEDERAÇÃO BRASIL DA ESPERANÇA - FE BRASIL,9,562871,562871,28069,28069,562871,562871
PI,6,Deputado Federal,Dep. Federal,REDE,REDE,18,102,f,FEDERAÇÃO PSOL REDE,2,426,426,307,307,426,426
PI,6,Deputado Federal,Dep. Federal,PSOL,PSOL,50,102,f,FEDERAÇÃO PSOL REDE,7,6129,6129,669,669,6129,6129
PI,6,Deputado Federal,Dep. Federal,PODE,PODE,20,,i,PODEMOS,5,1585,2069,121,121,2069,1585
PI,6,Deputado Federal,Dep. Federal,PSDB,PSDB,45,100,f,FEDERAÇÃO PSDB CIDADANIA,8,2020,2126,874,874,2126,2020
PI,6,Deputado Federal,Dep. Federal,CIDADANIA,CIDADANIA,23,100,f,FEDERAÇÃO PSDB CIDADANIA,3,695,695,501,501,695,695
PI,6,Deputado Federal,Dep. Federal,DEMOCRATA,DEMOCRATA,35,,i,DEMOCRATA,10,0,1349,0,119,1349,0
PI,6,Deputado Federal,Dep. Federal,UNIAO,UNIÃO,44,104,f,FEDERAÇÃO UNIÃO PROGRESSISTA,3,58470,58470,945,945,58470,58470
PI,6,Deputado Federal,Dep. Federal,PP,PP,11,104,f,FEDERAÇÃO UNIÃO PROGRESSISTA,7,243980,243980,10565,10565,243980,243980
PI,6,Deputado Federal,Dep. Federal,MISSAO,MISSÃO,14,,i,PARTIDO MISSÃO,8,3535,3535,1060,1060,3535,3535
PI,6,Deputado Federal,Dep. Federal,DC,DC,27,,i,DEMOCRACIA CRISTÃ,8,0,364,0,37,364,0
PI,6,Deputado Federal,Dep. Federal,NOVO,NOVO,30,,i,PARTIDO NOVO,11,1671,1671,156,156,1671,1671
PI,6,Deputado Federal,Dep. Federal,PCO,PCO,29,,i,PARTIDO DA CAUSA OPERÁRIA,2,0,109,0,22,109,0
PI,7,Deputado Estadual,Dep. Estadual/Distrital,MDB,MDB,15,,i,MOVIMENTO DEMOCRÁTICO BRASILEIRO,23,530830,530830,52106,52106,530830,530830
PI,7,Deputado Estadual,Dep. Estadual/Distrital,PV,PV,43,101,f,FEDERAÇÃO BRASIL DA ESPERANÇA - FE BRASIL,3,80446,80446,3479,3479,80446,80446
PI,7,Deputado Estadual,Dep. Estadual/Distrital,PCDOB,PCDOB,65,101,f,FEDERAÇÃO BRASIL DA ESPERANÇA - FE BRASIL,2,44541,44541,908,908,44541,44541
PI,7,Deputado Estadual,Dep. Estadual/Distrital,PT,PT,13,101,f,FEDERAÇÃO BRASIL DA ESPERANÇA - FE BRASIL,23,775444,775444,32669,32669,775444,775444
PI,7,Deputado Estadual,Dep. Estadual/Distrital,PL,PL,22,,i,PARTIDO LIBERAL,18,26263,26968,5439,5439,26968,26263
PI,7,Deputado Estadual,Dep. Estadual/Distrital,PSD,PSD,55,,i,PARTIDO SOCIAL DEMOCRÁTICO,20,304265,304265,31093,31093,304265,304265
PI,7,Deputado Estadual,Dep. Estadual/Distrital,AVANTE,AVANTE,70,,i,AVANTE,5,3557,3586,302,302,3586,3557
PI,7,Deputado Estadual,Dep. Estadual/Distrital,REDE,REDE,18,102,f,FEDERAÇÃO PSOL REDE,0,0,0,410,410,0,0
PI,7,Deputado Estadual,Dep. Estadual/Distrital,PSOL,PSOL,50,102,f,FEDERAÇÃO PSOL REDE,5,1596,1596,758,758,1596,1596
PI,7,Deputado Estadual,Dep. Estadual/Distrital,CIDADANIA,CIDADANIA,23,100,f,FEDERAÇÃO PSDB CIDADANIA,0,0,0,443,443,0,0
PI,7,Deputado Estadual,Dep. Estadual/Distrital,PSDB,PSDB,45,100,f,FEDERAÇÃO PSDB CIDADANIA,15,3080,3173,3133,3133,3173,3080
PI,7,Deputado Estadual,Dep. Estadual/Distrital,PP,PP,11,104,f,FEDERAÇÃO UNIÃO PROGRESSISTA,26,171698,171698,28804,28804,171698,171698
PI,7,Deputado Estadual,Dep. Estadual/Distrital,UNIAO,UNIÃO,44,104,f,FEDERAÇÃO UNIÃO PROGRESSISTA,3,1906,1906,1420,1420,1906,1906
PR,3,Governador,Governador,PSD,PSD,55,,c,COLIGAÇÃO A MUDANÇA CONTINUA,1,1583764,1583764,0,0,1583764,1583764
PR,3,Governador,Governador,PCO,PCO,29,,i,PARTIDO DA CAUSA OPERÁRIA,1,0,1525,0,0,1525,0
PR,3,Governador,Governador,PDT,PDT,12,,c,PARANÁ PARA TODOS,1,1465601,1465601,0,0,1465601,1465601
PR,3,Governador,Governador,MISSAO,MISSÃO,14,,i,PARTIDO MISSÃO,1,44581,44581,0,0,44581,44581
PR,3,Governador,Governador,PL,PL,22,,c,FORTALEZA PARANÁ,1,3127911,3127911,0,0,3127911,3127911
PR,3,Governador,Governador,MOBILIZA,MOBILIZA,33,,i,MOBILIZAÇÃO NACIONAL,1,4144,4144,0,0,4144,4144
PR,3,Governador,Governador,UP,UP,80,,i,UNIDADE POPULAR,1,14193,14193,0,0,14193,14193
PR,3,Governador,Governador,PSTU,PSTU,16,,i,PARTIDO SOCIALISTA  DOS TRABALHADORES UNIFICADO,1,2080,2080,0,0,2080,2080
PR,5,Senador,Senador,PCO,PCO,29,,i,PARTIDO DA CAUSA OPERÁRIA,1,0,9194,0,0,9194,0
PR,5,Senador,Senador,PSD,PSD,55,,c,COLIGAÇÃO A MUDANÇA CONTINUA,1,737893,737893,0,0,737893,737893
PR,5,Senador,Senador,REPUBLICANOS,REPUBLICANOS,10,,c,COLIGAÇÃO A MUDANÇA CONTINUA,1,1947135,1947135,0,0,1947135,1947135
PR,5,Senador,Senador,UP,UP,80,,i,UNIDADE POPULAR,1,15457,15457,0,0,15457,15457
PR,5,Senador,Senador,MISSAO,MISSÃO,14,,i,PARTIDO MISSÃO,1,93198,93198,0,0,93198,93198
PR,5,Senador,Senador,PT,PT,13,101,c,PARANÁ PARA TODOS,2,2696779,2696779,0,0,2696779,2696779
PR,5,Senador,Senador,NOVO,NOVO,30,,c,FORTALEZA DO PARANÁ,1,2904594,2904594,0,0,2904594,2904594
PR,5,Senador,Senador,PL,PL,22,,c,FORTALEZA DO PARANÁ,1,3148583,3148583,0,0,3148583,3148583
PR,6,Deputado Federal,Dep. Federal,UP,UP,80,,i,UNIDADE POPULAR,2,2126,2126,291,291,2126,2126
PR,6,Deputado Federal,Dep. Federal,PODE,PODE,20,,i,PODEMOS,29,342448,342448,2519,2519,342448,342448
PR,6,Deputado Federal,Dep. Federal,PSB,PSB,40,,i,PARTIDO SOCIALISTA BRASILEIRO,31,125719,125719,817,817,125719,125719
PR,6,Deputado Federal,Dep. Federal,DEMOCRATA,DEMOCRATA,35,,i,DEMOCRATA,7,1073,1173,475,475,1173,1073
PR,6,Deputado Federal,Dep. Federal,PCO,PCO,29,,i,PARTIDO DA CAUSA OPERÁRIA,2,0,204,0,310,204,0
PR,6,Deputado Federal,Dep. Federal,MISSAO,MISSÃO,14,,i,PARTIDO MISSÃO,31,70644,70644,4940,4940,70644,70644
PR,6,Deputado Federal,Dep. Federal,PDT,PDT,12,,i,PARTIDO DEMOCRÁTICO TRABALHISTA,31,130784,130967,11150,11150,130967,130784
PR,6,Deputado Federal,Dep. Federal,PSOL,PSOL,50,102,f,FEDERAÇÃO PSOL REDE,13,8359,8359,4730,4730,8359,8359
PR,6,Deputado Federal,Dep. Federal,REDE,REDE,18,102,f,FEDERAÇÃO PSOL REDE,6,1796,1796,532,532,1796,1796
PR,6,Deputado Federal,Dep. Federal,PRD,PRD,25,103,f,FEDERAÇÃO RENOVAÇÃO SOLIDÁRIA,9,3399,16911,1487,1487,16911,3399
PR,6,Deputado Federal,Dep. Federal,SOLIDARIEDADE,SOLIDARIEDADE,77,103,f,FEDERAÇÃO RENOVAÇÃO SOLIDÁRIA,11,12704,12704,489,489,12704,12704
PR,6,Deputado Federal,Dep. Federal,PL,PL,22,,i,PARTIDO LIBERAL,31,893395,893395,44018,44018,893395,893395
PR,6,Deputado Federal,Dep. Federal,REPUBLICANOS,REPUBLICANOS,10,,i,REPUBLICANOS,23,362546,371182,7482,7482,371182,362546
PR,6,Deputado Federal,Dep. Federal,NOVO,NOVO,30,,i,PARTIDO NOVO,31,927737,927737,13394,13394,927737,927737
PR,6,Deputado Federal,Dep. Federal,PT,PT,13,101,f,FEDERAÇÃO BRASIL DA ESPERANÇA - FE BRASIL,22,882094,882094,52468,52468,882094,882094
PR,6,Deputado Federal,Dep. Federal,PCDOB,PCDOB,65,101,f,FEDERAÇÃO BRASIL DA ESPERANÇA - FE BRASIL,2,3259,3259,531,531,3259,3259
PR,6,Deputado Federal,Dep. Federal,PV,PV,43,101,f,FEDERAÇÃO BRASIL DA ESPERANÇA - FE BRASIL,2,125383,125383,1647,1647,125383,125383
PR,6,Deputado Federal,Dep. Federal,PP,PP,11,104,f,FEDERAÇÃO UNIÃO PROGRESSISTA,16,592820,592820,8166,8166,592820,592820
PR,6,Deputado Federal,Dep. Federal,UNIAO,UNIÃO,44,104,f,FEDERAÇÃO UNIÃO PROGRESSISTA,13,469007,469007,4341,4341,469007,469007
PR,6,Deputado Federal,Dep. Federal,CIDADANIA,CIDADANIA,23,100,f,FEDERAÇÃO PSDB CIDADANIA,11,13910,13910,1388,1388,13910,13910
PR,6,Deputado Federal,Dep. Federal,PSDB,PSDB,45,100,f,FEDERAÇÃO PSDB CIDADANIA,20,116040,120280,2347,2347,120280,116040
PR,6,Deputado Federal,Dep. Federal,PSD,PSD,55,,i,PARTIDO SOCIAL DEMOCRÁTICO,31,708533,713537,15601,15601,713537,708533
PR,6,Deputado Federal,Dep. Federal,MDB,MDB,15,,i,MOVIMENTO DEMOCRÁTICO BRASILEIRO,30,240502,240765,4138,4138,240765,240502
PR,7,Deputado Estadual,Dep. Estadual/Distrital,MOBILIZA,MOBILIZA,33,,i,MOBILIZAÇÃO NACIONAL,15,4629,4768,1356,1356,4768,4629
PR,7,Deputado Estadual,Dep. Estadual/Distrital,AVANTE,AVANTE,70,,i,AVANTE,32,83925,84014,1452,1452,84014,83925
PR,7,Deputado Estadual,Dep. Estadual/Distrital,PCDOB,PCDOB,65,101,f,FEDERAÇÃO BRASIL DA ESPERANÇA - FE BRASIL,3,10125,10125,897,897,10125,10125
PR,7,Deputado Estadual,Dep. Estadual/Distrital,PV,PV,43,101,f,FEDERAÇÃO BRASIL DA ESPERANÇA - FE BRASIL,3,36004,36004,2355,2355,36004,36004
PR,7,Deputado Estadual,Dep. Estadual/Distrital,PT,PT,13,101,f,FEDERAÇÃO BRASIL DA ESPERANÇA - FE BRASIL,44,677328,677328,108029,108029,677328,677328
PR,7,Deputado Estadual,Dep. Estadual/Distrital,PSTU,PSTU,16,,i,PARTIDO SOCIALISTA  DOS TRABALHADORES UNIFICADO,2,448,448,376,376,448,448
PR,7,Deputado Estadual,Dep. Estadual/Distrital,NOVO,NOVO,30,,i,PARTIDO NOVO,41,371998,371998,35192,35192,371998,371998
PR,7,Deputado Estadual,Dep. Estadual/Distrital,UP,UP,80,,i,UNIDADE POPULAR,2,2261,2261,391,391,2261,2261
PR,7,Deputado Estadual,Dep. Estadual/Distrital,REPUBLICANOS,REPUBLICANOS,10,,i,REPUBLICANOS,24,302928,302928,48928,48928,302928,302928
PR,7,Deputado Estadual,Dep. Estadual/Distrital,UNIAO,UNIÃO,44,104,f,FEDERAÇÃO UNIÃO PROGRESSISTA,25,99234,99596,6278,6278,99596,99234
PR,7,Deputado Estadual,Dep. Estadual/Distrital,PP,PP,11,104,f,FEDERAÇÃO UNIÃO PROGRESSISTA,30,503019,503019,13401,13401,503019,503019
PR,7,Deputado Estadual,Dep. Estadual/Distrital,PODE,PODE,20,,i,PODEMOS,51,331985,332118,6660,6660,332118,331985
PR,7,Deputado Estadual,Dep. Estadual/Distrital,DEMOCRATA,DEMOCRATA,35,,i,DEMOCRATA,6,4150,4150,922,922,4150,4150
PR,7,Deputado Estadual,Dep. Estadual/Distrital,MISSAO,MISSÃO,14,,i,PARTIDO MISSÃO,31,87404,87404,7165,7165,87404,87404
PR,7,Deputado Estadual,Dep. Estadual/Distrital,MDB,MDB,15,,i,MOVIMENTO DEMOCRÁTICO BRASILEIRO,37,260100,260100,8403,8403,260100,260100
PR,7,Deputado Estadual,Dep. Estadual/Distrital,REDE,REDE,18,102,f,FEDERAÇÃO PSOL REDE,29,8595,8595,940,940,8595,8595
PR,7,Deputado Estadual,Dep. Estadual/Distrital,PSOL,PSOL,50,102,f,FEDERAÇÃO PSOL REDE,12,72292,72763,2819,2819,72763,72292
PR,7,Deputado Estadual,Dep. Estadual/Distrital,PL,PL,22,,i,PARTIDO LIBERAL,55,1362183,1376673,81087,81087,1376673,1362183
PR,7,Deputado Estadual,Dep. Estadual/Distrital,PDT,PDT,12,,i,PARTIDO DEMOCRÁTICO TRABALHISTA,38,127023,127576,16023,16023,127576,127023
PR,7,Deputado Estadual,Dep. Estadual/Distrital,PRD,PRD,25,103,f,FEDERAÇÃO RENOVAÇÃO SOLIDÁRIA,5,1592,1592,2334,2334,1592,1592
PR,7,Deputado Estadual,Dep. Estadual/Distrital,SOLIDARIEDADE,SOLIDARIEDADE,77,103,f,FEDERAÇÃO RENOVAÇÃO SOLIDÁRIA,6,12696,12696,707,707,12696,12696
PR,7,Deputado Estadual,Dep. Estadual/Distrital,PSD,PSD,55,,i,PARTIDO SOCIAL DEMOCRÁTICO,46,1393330,1393330,32424,32424,1393330,1393330
PR,7,Deputado Estadual,Dep. Estadual/Distrital,PSDB,PSDB,45,100,f,FEDERAÇÃO PSDB CIDADANIA,44,38821,39506,5645,5645,39506,38821
PR,7,Deputado Estadual,Dep. Estadual/Distrital,CIDADANIA,CIDADANIA,23,100,f,FEDERAÇÃO PSDB CIDADANIA,8,2484,2484,1923,1923,2484,2484
PR,7,Deputado Estadual,Dep. Estadual/Distrital,PCO,PCO,29,,i,PARTIDO DA CAUSA OPERÁRIA,2,0,214,0,381,214,0
RJ,3,Governador,Governador,PL,PL,22,,c,RIO REAL,1,4271199,4271199,0,0,4271199,4271199
RJ,3,Governador,Governador,NOVO,NOVO,30,,i,PARTIDO NOVO,1,45359,45359,0,0,45359,45359
RJ,3,Governador,Governador,PCO,PCO,29,,i,PARTIDO DA CAUSA OPERÁRIA,1,2777,2777,0,0,2777,2777
RJ,3,Governador,Governador,PSD,PSD,55,,c,JUNTOS PARA MUDAR CORAGEM PARA RECONSTRUIR,1,3706984,3706984,0,0,3706984,3706984
RJ,3,Governador,Governador,UP,UP,80,,i,UNIDADE POPULAR,1,33430,33430,0,0,33430,33430
RJ,3,Governador,Governador,PSOL,PSOL,50,102,f,FEDERAÇÃO PSOL REDE,1,235347,235347,0,0,235347,235347
RJ,3,Governador,Governador,REPUBLICANOS,REPUBLICANOS,10,,c,CORAGEM PARA MUDAR,1,0,274411,0,0,274411,0
RJ,3,Governador,Governador,MISSAO,MISSÃO,14,,i,PARTIDO MISSÃO,1,84889,84889,0,0,84889,84889
RJ,3,Governador,Governador,PSTU,PSTU,16,,i,PARTIDO SOCIALISTA  DOS TRABALHADORES UNIFICADO,1,14642,14642,0,0,14642,14642
RJ,5,Senador,Senador,MISSAO,MISSÃO,14,,i,PARTIDO MISSÃO,1,131065,131065,0,0,131065,131065
RJ,5,Senador,Senador,PL,PL,22,,i,PARTIDO LIBERAL,2,8177337,8177337,0,0,8177337,8177337
RJ,5,Senador,Senador,PCO,PCO,29,,i,PARTIDO DA CAUSA OPERÁRIA,1,0,5825,0,0,5825,0
RJ,5,Senador,Senador,PODE,PODE,20,,i,PODEMOS,1,194605,194605,0,0,194605,194605
RJ,5,Senador,Senador,DEMOCRATA,DEMOCRATA,35,,i,DEMOCRATA,1,9176,9176,0,0,9176,9176
RJ,5,Senador,Senador,UP,UP,80,,i,UNIDADE POPULAR,2,40320,40320,0,0,40320,40320
RJ,5,Senador,Senador,PSTU,PSTU,16,,i,PARTIDO SOCIALISTA  DOS TRABALHADORES UNIFICADO,1,27631,27631,0,0,27631,27631
RJ,5,Senador,Senador,PSOL,PSOL,50,102,f,FEDERAÇÃO PSOL REDE,1,1538444,1538444,0,0,1538444,1538444
RJ,5,Senador,Senador,PRTB,PRTB,28,,i,PARTIDO RENOVADOR TRABALHISTA BRASILEIRO,1,23911,23911,0,0,23911,23911
RJ,5,Senador,Senador,REPUBLICANOS,REPUBLICANOS,10,,i,REPUBLICANOS,2,656051,656051,0,0,656051,656051
RJ,5,Senador,Senador,PSD,PSD,55,,c,JUNTOS PARA MUDAR CORAGEM PARA RECONSTRUIR,1,1904352,1904352,0,0,1904352,1904352
RJ,5,Senador,Senador,PT,PT,13,101,c,JUNTOS PARA MUDAR CORAGEM PARA RECONSTRUIR,1,3220765,3220765,0,0,3220765,3220765
RJ,6,Deputado Federal,Dep. Federal,PP,PP,11,104,f,FEDERAÇÃO UNIÃO PROGRESSISTA,24,677231,681697,9929,9929,681697,677231
RJ,6,Deputado Federal,Dep. Federal,UNIAO,UNIÃO,44,104,f,FEDERAÇÃO UNIÃO PROGRESSISTA,23,374437,386860,6019,6019,386860,374437
RJ,6,Deputado Federal,Dep. Federal,MISSAO,MISSÃO,14,,i,PARTIDO MISSÃO,23,67868,67868,7228,7228,67868,67868
RJ,6,Deputado Federal,Dep. Federal,DEMOCRATA,DEMOCRATA,35,,i,DEMOCRATA,42,13035,13315,622,622,13315,13035
RJ,6,Deputado Federal,Dep. Federal,REPUBLICANOS,REPUBLICANOS,10,,i,REPUBLICANOS,43,291765,296795,5612,5612,296795,291765
RJ,6,Deputado Federal,Dep. Federal,MDB,MDB,15,,i,MOVIMENTO DEMOCRÁTICO BRASILEIRO,39,309837,309837,5758,5758,309837,309837
RJ,6,Deputado Federal,Dep. Federal,CIDADANIA,CIDADANIA,23,100,f,FEDERAÇÃO PSDB CIDADANIA,2,8143,8143,3204,3204,8143,8143
RJ,6,Deputado Federal,Dep. Federal,PSDB,PSDB,45,100,f,FEDERAÇÃO PSDB CIDADANIA,44,717550,787454,4456,4456,787454,717550
RJ,6,Deputado Federal,Dep. Federal,PSB,PSB,40,,i,PARTIDO SOCIALISTA BRASILEIRO,46,122206,122206,1967,1967,122206,122206
RJ,6,Deputado Federal,Dep. Federal,PDT,PDT,12,,i,PARTIDO DEMOCRÁTICO TRABALHISTA,46,219001,221921,9882,9882,221921,219001
RJ,6,Deputado Federal,Dep. Federal,PSTU,PSTU,16,,i,PARTIDO SOCIALISTA  DOS TRABALHADORES UNIFICADO,2,1256,1256,811,811,1256,1256
RJ,6,Deputado Federal,Dep. Federal,PODE,PODE,20,,i,PODEMOS,42,109226,109226,1940,1940,109226,109226
RJ,6,Deputado Federal,Dep. Federal,PCO,PCO,29,,i,PARTIDO DA CAUSA OPERÁRIA,6,382,518,285,285,518,382
RJ,6,Deputado Federal,Dep. Federal,NOVO,NOVO,30,,i,PARTIDO NOVO,47,167406,167608,4434,4434,167608,167406
RJ,6,Deputado Federal,Dep. Federal,AVANTE,AVANTE,70,,i,AVANTE,45,156819,160016,2953,2953,160016,156819
RJ,6,Deputado Federal,Dep. Federal,UP,UP,80,,i,UNIDADE POPULAR,2,3108,3108,540,540,3108,3108
RJ,6,Deputado Federal,Dep. Federal,PL,PL,22,,i,PARTIDO LIBERAL,47,2288081,2288527,92148,92148,2288527,2288081
RJ,6,Deputado Federal,Dep. Federal,DC,DC,27,,i,DEMOCRACIA CRISTÃ,44,47606,48280,595,595,48280,47606
RJ,6,Deputado Federal,Dep. Federal,SOLIDARIEDADE,SOLIDARIEDADE,77,103,f,FEDERAÇÃO RENOVAÇÃO SOLIDÁRIA,34,224272,224272,2506,2506,224272,224272
RJ,6,Deputado Federal,Dep. Federal,PRD,PRD,25,103,f,FEDERAÇÃO RENOVAÇÃO SOLIDÁRIA,12,61946,61946,4556,4556,61946,61946
RJ,6,Deputado Federal,Dep. Federal,PSD,PSD,55,,i,PARTIDO SOCIAL DEMOCRÁTICO,44,667469,673211,17743,17743,673211,667469
RJ,6,Deputado Federal,Dep. Federal,PSOL,PSOL,50,102,f,FEDERAÇÃO PSOL REDE,22,618928,618928,18182,18182,618928,618928
RJ,6,Deputado Federal,Dep. Federal,REDE,REDE,18,102,f,FEDERAÇÃO PSOL REDE,2,17220,17220,1988,1988,17220,17220
RJ,6,Deputado Federal,Dep. Federal,MOBILIZA,MOBILIZA,33,,i,MOBILIZAÇÃO NACIONAL,40,13587,22360,974,974,22360,13587
RJ,6,Deputado Federal,Dep. Federal,PV,PV,43,101,f,FEDERAÇÃO BRASIL DA ESPERANÇA - FE BRASIL,5,94928,94928,1984,1984,94928,94928
RJ,6,Deputado Federal,Dep. Federal,PT,PT,13,101,f,FEDERAÇÃO BRASIL DA ESPERANÇA - FE BRASIL,36,1000787,1000787,67522,67522,1000787,1000787
RJ,6,Deputado Federal,Dep. Federal,PCDOB,PCDOB,65,101,f,FEDERAÇÃO BRASIL DA ESPERANÇA - FE BRASIL,3,192960,192960,2861,2861,192960,192960
RJ,7,Deputado Estadual,Dep. Estadual/Distrital,PV,PV,43,101,f,FEDERAÇÃO BRASIL DA ESPERANÇA - FE BRASIL,9,33935,35451,2677,2677,35451,33935
RJ,7,Deputado Estadual,Dep. Estadual/Distrital,PT,PT,13,101,f,FEDERAÇÃO BRASIL DA ESPERANÇA - FE BRASIL,44,716952,766825,123012,123012,766825,716952
RJ,7,Deputado Estadual,Dep. Estadual/Distrital,PCDOB,PCDOB,65,101,f,FEDERAÇÃO BRASIL DA ESPERANÇA - FE BRASIL,4,204423,204423,4718,4718,204423,204423
RJ,7,Deputado Estadual,Dep. Estadual/Distrital,PCO,PCO,29,,i,PARTIDO DA CAUSA OPERÁRIA,2,508,508,395,395,508,508
RJ,7,Deputado Estadual,Dep. Estadual/Distrital,MDB,MDB,15,,i,MOVIMENTO DEMOCRÁTICO BRASILEIRO,50,287959,288245,11919,11919,288245,287959
RJ,7,Deputado Estadual,Dep. Estadual/Distrital,PL,PL,22,,i,PARTIDO LIBERAL,62,2054741,2065388,167448,167448,2065388,2054741
RJ,7,Deputado Estadual,Dep. Estadual/Distrital,MOBILIZA,MOBILIZA,33,,i,MOBILIZAÇÃO NACIONAL,68,40301,40301,1761,1761,40301,40301
RJ,7,Deputado Estadual,Dep. Estadual/Distrital,PSTU,PSTU,16,,i,PARTIDO SOCIALISTA  DOS TRABALHADORES UNIFICADO,2,1149,1149,1149,1149,1149,1149
RJ,7,Deputado Estadual,Dep. Estadual/Distrital,PODE,PODE,20,,i,PODEMOS,45,69048,69048,4321,4321,69048,69048
RJ,7,Deputado Estadual,Dep. Estadual/Distrital,PSD,PSD,55,,i,PARTIDO SOCIAL DEMOCRÁTICO,66,985253,985253,58298,58298,985253,985253
RJ,7,Deputado Estadual,Dep. Estadual/Distrital,UP,UP,80,,i,UNIDADE POPULAR,6,5547,5547,801,801,5547,5547
RJ,7,Deputado Estadual,Dep. Estadual/Distrital,DEMOCRATA,DEMOCRATA,35,,i,DEMOCRATA,63,15099,16553,1389,1389,16553,15099
RJ,7,Deputado Estadual,Dep. Estadual/Distrital,REPUBLICANOS,REPUBLICANOS,10,,i,REPUBLICANOS,66,307842,307842,16695,16695,307842,307842
RJ,7,Deputado Estadual,Dep. Estadual/Distrital,SOLIDARIEDADE,SOLIDARIEDADE,77,103,f,FEDERAÇÃO RENOVAÇÃO SOLIDÁRIA,53,219234,221613,6266,6266,221613,219234
RJ,7,Deputado Estadual,Dep. Estadual/Distrital,PRD,PRD,25,103,f,FEDERAÇÃO RENOVAÇÃO SOLIDÁRIA,18,91553,222800,6691,6691,222800,91553
RJ,7,Deputado Estadual,Dep. Estadual/Distrital,AGIR,AGIR,36,,i,AGIR,69,195859,196794,2523,2523,196794,195859
RJ,7,Deputado Estadual,Dep. Estadual/Distrital,PSB,PSB,40,,i,PARTIDO SOCIALISTA BRASILEIRO,69,266406,266683,5147,5147,266683,266406
RJ,7,Deputado Estadual,Dep. Estadual/Distrital,PDT,PDT,12,,i,PARTIDO DEMOCRÁTICO TRABALHISTA,62,284411,284411,16247,16247,284411,284411
RJ,7,Deputado Estadual,Dep. Estadual/Distrital,MISSAO,MISSÃO,14,,i,PARTIDO MISSÃO,6,49085,49085,10645,10645,49085,49085
RJ,7,Deputado Estadual,Dep. Estadual/Distrital,REDE,REDE,18,102,f,FEDERAÇÃO PSOL REDE,15,7855,7855,1221,1221,7855,7855
RJ,7,Deputado Estadual,Dep. Estadual/Distrital,PSOL,PSOL,50,102,f,FEDERAÇÃO PSOL REDE,21,532525,532525,26807,26807,532525,532525
RJ,7,Deputado Estadual,Dep. Estadual/Distrital,PSDB,PSDB,45,100,f,FEDERAÇÃO PSDB CIDADANIA,61,199250,288667,17545,17545,288667,199250
RJ,7,Deputado Estadual,Dep. Estadual/Distrital,CIDADANIA,CIDADANIA,23,100,f,FEDERAÇÃO PSDB CIDADANIA,7,1558,1558,3332,3332,1558,1558
RJ,7,Deputado Estadual,Dep. Estadual/Distrital,NOVO,NOVO,30,,i,PARTIDO NOVO,70,196058,196699,8977,8977,196699,196058
RJ,7,Deputado Estadual,Dep. Estadual/Distrital,UNIAO,UNIÃO,44,104,f,FEDERAÇÃO UNIÃO PROGRESSISTA,26,483309,517054,13314,13314,517054,483309
RJ,7,Deputado Estadual,Dep. Estadual/Distrital,PP,PP,11,104,f,FEDERAÇÃO UNIÃO PROGRESSISTA,38,473058,473058,15850,15850,473058,473058
RJ,7,Deputado Estadual,Dep. Estadual/Distrital,DC,DC,27,,i,DEMOCRACIA CRISTÃ,70,105123,105810,2155,2155,105810,105123
RJ,7,Deputado Estadual,Dep. Estadual/Distrital,AVANTE,AVANTE,70,,i,AVANTE,67,115446,130858,4715,4715,130858,115446
RN,3,Governador,Governador,AGIR,AGIR,36,,i,AGIR,1,434,434,0,0,434,434
RN,3,Governador,Governador,DC,DC,27,,i,DEMOCRACIA CRISTÃ,1,464,464,0,0,464,464
RN,3,Governador,Governador,UP,UP,80,,i,UNIDADE POPULAR,1,1466,1466,0,0,1466,1466
RN,3,Governador,Governador,PT,PT,13,101,c,TIME QUE CUIDA,1,718300,718300,0,0,718300,718300
RN,3,Governador,Governador,PSTU,PSTU,16,,i,PARTIDO SOCIALISTA  DOS TRABALHADORES UNIFICADO,1,1388,1388,0,0,1388,1388
RN,3,Governador,Governador,PL,PL,22,,c,ENDIREITA RN,1,530580,530580,0,0,530580,530580
RN,3,Governador,Governador,UNIAO,UNIÃO,44,104,c,ESPERANÇA E TRABALHO',1,733809,733809,0,0,733809,733809
RN,3,Governador,Governador,PCO,PCO,29,,i,PARTIDO DA CAUSA OPERÁRIA,1,0,227,0,0,227,0
RN,5,Senador,Senador,PSTU,PSTU,16,,i,PARTIDO SOCIALISTA  DOS TRABALHADORES UNIFICADO,2,6281,6281,0,0,6281,6281
RN,5,Senador,Senador,AGIR,AGIR,36,,i,AGIR,2,3494,3494,0,0,3494,3494
RN,5,Senador,Senador,PODE,PODE,20,,c,ENDIREITA RN,1,1055000,1055000,0,0,1055000,1055000
RN,5,Senador,Senador,PL,PL,22,,c,ENDIREITA RN,1,620354,620354,0,0,620354,620354
RN,5,Senador,Senador,UNIAO,UNIÃO,44,104,c,ESPERANÇA E TRABALHO,1,102834,102834,0,0,102834,102834
RN,5,Senador,Senador,PSD,PSD,55,,c,ESPERANÇA E TRABALHO,1,630159,630159,0,0,630159,630159
RN,5,Senador,Senador,UP,UP,80,,i,UNIDADE POPULAR,1,5511,5511,0,0,5511,5511
RN,5,Senador,Senador,PT,PT,13,101,c,TIME QUE CUIDA,1,635924,635924,0,0,635924,635924
RN,5,Senador,Senador,PDT,PDT,12,,c,TIME QUE CUIDA,1,510674,510674,0,0,510674,510674
RN,5,Senador,Senador,PSOL,PSOL,50,102,f,FEDERAÇÃO PSOL REDE,2,36575,36575,0,0,36575,36575
RN,6,Deputado Federal,Dep. Federal,DC,DC,27,,i,DEMOCRACIA CRISTÃ,3,507,507,52,52,507,507
RN,6,Deputado Federal,Dep. Federal,MISSAO,MISSÃO,14,,i,PARTIDO MISSÃO,9,7144,7144,871,871,7144,7144
RN,6,Deputado Federal,Dep. Federal,UP,UP,80,,i,UNIDADE POPULAR,2,935,935,61,61,935,935
RN,6,Deputado Federal,Dep. Federal,SOLIDARIEDADE,SOLIDARIEDADE,77,103,f,FEDERAÇÃO RENOVAÇÃO SOLIDÁRIA,4,5248,5248,232,232,5248,5248
RN,6,Deputado Federal,Dep. Federal,PRD,PRD,25,103,f,FEDERAÇÃO RENOVAÇÃO SOLIDÁRIA,5,2361,2361,441,441,2361,2361
RN,6,Deputado Federal,Dep. Federal,PL,PL,22,,i,PARTIDO LIBERAL,9,760545,760545,11835,11835,760545,760545
RN,6,Deputado Federal,Dep. Federal,PDT,PDT,12,,i,PARTIDO DEMOCRÁTICO TRABALHISTA,9,15974,15974,6632,6632,15974,15974
RN,6,Deputado Federal,Dep. Federal,AVANTE,AVANTE,70,,i,AVANTE,7,7624,7624,173,173,7624,7624
RN,6,Deputado Federal,Dep. Federal,CIDADANIA,CIDADANIA,23,100,f,FEDERAÇÃO PSDB CIDADANIA,2,484,484,1326,1326,484,484
RN,6,Deputado Federal,Dep. Federal,PSDB,PSDB,45,100,f,FEDERAÇÃO PSDB CIDADANIA,3,6504,6504,3441,3441,6504,6504
RN,6,Deputado Federal,Dep. Federal,PV,PV,43,101,f,FEDERAÇÃO BRASIL DA ESPERANÇA - FE BRASIL,2,223578,223578,4920,4920,223578,223578
RN,6,Deputado Federal,Dep. Federal,PCDOB,PCDOB,65,101,f,FEDERAÇÃO BRASIL DA ESPERANÇA - FE BRASIL,2,8339,8339,219,219,8339,8339
RN,6,Deputado Federal,Dep. Federal,PT,PT,13,101,f,FEDERAÇÃO BRASIL DA ESPERANÇA - FE BRASIL,5,381606,381606,17128,17128,381606,381606
RN,6,Deputado Federal,Dep. Federal,REDE,REDE,18,102,f,FEDERAÇÃO PSOL REDE,0,0,0,387,387,0,0
RN,6,Deputado Federal,Dep. Federal,PSOL,PSOL,50,102,f,FEDERAÇÃO PSOL REDE,5,631,631,627,627,631,631
RN,6,Deputado Federal,Dep. Federal,UNIAO,UNIÃO,44,104,f,FEDERAÇÃO UNIÃO PROGRESSISTA,4,220183,220183,4274,4274,220183,220183
RN,6,Deputado Federal,Dep. Federal,PP,PP,11,104,f,FEDERAÇÃO UNIÃO PROGRESSISTA,4,256508,256508,6922,6922,256508,256508
RN,6,Deputado Federal,Dep. Federal,NOVO,NOVO,30,,i,PARTIDO NOVO,9,5355,5355,203,203,5355,5355
RN,6,Deputado Federal,Dep. Federal,MOBILIZA,MOBILIZA,33,,i,MOBILIZAÇÃO NACIONAL,9,859,859,453,453,859,859
RN,6,Deputado Federal,Dep. Federal,PSB,PSB,40,,i,PARTIDO SOCIALISTA BRASILEIRO,6,2493,2493,625,625,2493,2493
RN,7,Deputado Estadual,Dep. Estadual/Distrital,PSOL,PSOL,50,102,f,FEDERAÇÃO PSOL REDE,9,17581,17581,498,498,17581,17581
RN,7,Deputado Estadual,Dep. Estadual/Distrital,REDE,REDE,18,102,f,FEDERAÇÃO PSOL REDE,9,2758,2758,135,135,2758,2758
RN,7,Deputado Estadual,Dep. Estadual/Distrital,SOLIDARIEDADE,SOLIDARIEDADE,77,103,f,FEDERAÇÃO RENOVAÇÃO SOLIDÁRIA,0,0,0,608,608,0,0
RN,7,Deputado Estadual,Dep. Estadual/Distrital,PRD,PRD,25,103,f,FEDERAÇÃO RENOVAÇÃO SOLIDÁRIA,13,2766,2766,644,644,2766,2766
RN,7,Deputado Estadual,Dep. Estadual/Distrital,PP,PP,11,104,f,FEDERAÇÃO UNIÃO PROGRESSISTA,10,248964,248964,6511,6511,248964,248964
RN,7,Deputado Estadual,Dep. Estadual/Distrital,UNIAO,UNIÃO,44,104,f,FEDERAÇÃO UNIÃO PROGRESSISTA,9,181600,181600,8412,8412,181600,181600
RN,7,Deputado Estadual,Dep. Estadual/Distrital,MISSAO,MISSÃO,14,,i,PARTIDO MISSÃO,2,6675,6675,1211,1211,6675,6675
RN,7,Deputado Estadual,Dep. Estadual/Distrital,PSTU,PSTU,16,,i,PARTIDO SOCIALISTA  DOS TRABALHADORES UNIFICADO,2,377,377,280,280,377,377
RN,7,Deputado Estadual,Dep. Estadual/Distrital,MDB,MDB,15,,i,MOVIMENTO DEMOCRÁTICO BRASILEIRO,23,136357,140279,2702,2702,140279,136357
RN,7,Deputado Estadual,Dep. Estadual/Distrital,PL,PL,22,,i,PARTIDO LIBERAL,25,518179,518179,21093,21093,518179,518179
RN,7,Deputado Estadual,Dep. Estadual/Distrital,PSDB,PSDB,45,100,f,FEDERAÇÃO PSDB CIDADANIA,22,269408,269408,6689,6689,269408,269408
RN,7,Deputado Estadual,Dep. Estadual/Distrital,CIDADANIA,CIDADANIA,23,100,f,FEDERAÇÃO PSDB CIDADANIA,2,779,779,899,899,779,779
RN,7,Deputado Estadual,Dep. Estadual/Distrital,PV,PV,43,101,f,FEDERAÇÃO BRASIL DA ESPERANÇA - FE BRASIL,7,209272,209272,4941,4941,209272,209272
RN,7,Deputado Estadual,Dep. Estadual/Distrital,PT,PT,13,101,f,FEDERAÇÃO BRASIL DA ESPERANÇA - FE BRASIL,10,249986,249986,33507,33507,249986,249986
RN,7,Deputado Estadual,Dep. Estadual/Distrital,PCDOB,PCDOB,65,101,f,FEDERAÇÃO BRASIL DA ESPERANÇA - FE BRASIL,3,4342,4342,277,277,4342,4342
RN,7,Deputado Estadual,Dep. Estadual/Distrital,UP,UP,80,,i,UNIDADE POPULAR,2,743,743,115,115,743,743
RO,3,Governador,Governador,PSD,PSD,55,,c,GENTE QUE GOSTA DE GENTE,1,189547,189547,0,0,189547,189547
RO,3,Governador,Governador,UNIAO,UNIÃO,44,104,c,RONDONIA COM A FORÇA DO TRABALHO E DA UNIÃO,1,134355,134355,0,0,134355,134355
RO,3,Governador,Governador,PSB,PSB,40,,i,PARTIDO SOCIALISTA BRASILEIRO,1,4344,4344,0,0,4344,4344
RO,3,Governador,Governador,PL,PL,22,,c,JUNTOS POR RONDONIA,1,537370,537370,0,0,537370,537370
RO,3,Governador,Governador,PT,PT,13,101,c,FÉ RONDÔNIA,1,72851,72851,0,0,72851,72851
RO,3,Governador,Governador,MDB,MDB,15,,c,EXPERIÊNCIA FÉ E AUTORIDADE RONDÔNIA FORTE DE VERDADE [PDT/MDB] - RONDÔNIA,1,6591,6591,0,0,6591,6591
RO,5,Senador,Senador,PL,PL,22,,c,JUNTOS POR RONDONIA,2,1045025,1045025,0,0,1045025,1045025
RO,5,Senador,Senador,PDT,PDT,12,,c,"EXPERIÊNCIA, FÉ E AUTORIDADE: RONDÔNIA FORTE DE VERDADE",1,72490,72490,0,0,72490,72490
RO,5,Senador,Senador,PSD,PSD,55,,c,GENTE QUE GOSTA DE GENTE,1,23737,23737,0,0,23737,23737
RO,5,Senador,Senador,PSB,PSB,40,,i,PARTIDO SOCIALISTA BRASILEIRO,1,0,25316,0,0,25316,0
RO,5,Senador,Senador,MISSAO,MISSÃO,14,,i,PARTIDO MISSÃO,1,7594,7594,0,0,7594,7594
RO,5,Senador,Senador,PT,PT,13,101,f,FEDERAÇÃO BRASIL DA ESPERANÇA - FE BRASIL,1,96391,96391,0,0,96391,96391
RO,5,Senador,Senador,PV,PV,43,101,f,FEDERAÇÃO BRASIL DA ESPERANÇA - FE BRASIL,1,3202,3202,0,0,3202,3202
RO,5,Senador,Senador,REPUBLICANOS,REPUBLICANOS,10,,c,RONDONIA COM A FORÇA DO TRABALHO E DA UNIÃO,1,207398,207398,0,0,207398,207398
RO,5,Senador,Senador,PP,PP,11,104,c,RONDONIA COM A FORÇA DO TRABALHO E DA UNIÃO,1,304061,304061,0,0,304061,304061
RO,6,Deputado Federal,Dep. Federal,REPUBLICANOS,REPUBLICANOS,10,,i,REPUBLICANOS,9,67974,67974,1568,1568,67974,67974
RO,6,Deputado Federal,Dep. Federal,PRD,PRD,25,103,f,FEDERAÇÃO RENOVAÇÃO SOLIDÁRIA,6,28934,28934,2349,2349,28934,28934
RO,6,Deputado Federal,Dep. Federal,SOLIDARIEDADE,SOLIDARIEDADE,77,103,f,FEDERAÇÃO RENOVAÇÃO SOLIDÁRIA,3,8572,8572,148,148,8572,8572
RO,6,Deputado Federal,Dep. Federal,MOBILIZA,MOBILIZA,33,,i,MOBILIZAÇÃO NACIONAL,0,0,0,0,565,0,0
RO,6,Deputado Federal,Dep. Federal,PSOL,PSOL,50,102,f,FEDERAÇÃO PSOL REDE,8,1420,1608,257,257,1608,1420
RO,6,Deputado Federal,Dep. Federal,REDE,REDE,18,102,f,FEDERAÇÃO PSOL REDE,0,0,0,92,92,0,0
RO,6,Deputado Federal,Dep. Federal,PODE,PODE,20,,i,PODEMOS,9,148885,148885,1335,1335,148885,148885
RO,6,Deputado Federal,Dep. Federal,PL,PL,22,,i,PARTIDO LIBERAL,9,292585,294486,9179,9179,294486,292585
RO,6,Deputado Federal,Dep. Federal,PT,PT,13,101,f,FEDERAÇÃO BRASIL DA ESPERANÇA - FE BRASIL,7,68479,68479,4850,4850,68479,68479
RO,6,Deputado Federal,Dep. Federal,PV,PV,43,101,f,FEDERAÇÃO BRASIL DA ESPERANÇA - FE BRASIL,2,689,689,126,126,689,689
RO,6,Deputado Federal,Dep. Federal,PCDOB,PCDOB,65,101,f,FEDERAÇÃO BRASIL DA ESPERANÇA - FE BRASIL,0,0,0,56,56,0,0
RO,6,Deputado Federal,Dep. Federal,PP,PP,11,104,f,FEDERAÇÃO UNIÃO PROGRESSISTA,3,22549,22549,1920,1920,22549,22549
RO,6,Deputado Federal,Dep. Federal,UNIAO,UNIÃO,44,104,f,FEDERAÇÃO UNIÃO PROGRESSISTA,6,119574,119574,1160,1160,119574,119574
RO,6,Deputado Federal,Dep. Federal,PDT,PDT,12,,i,PARTIDO DEMOCRÁTICO TRABALHISTA,8,10617,10617,1497,1497,10617,10617
RO,6,Deputado Federal,Dep. Federal,MISSAO,MISSÃO,14,,i,PARTIDO MISSÃO,3,3853,3853,410,410,3853,3853
RO,6,Deputado Federal,Dep. Federal,MDB,MDB,15,,i,MOVIMENTO DEMOCRÁTICO BRASILEIRO,9,15502,15502,462,462,15502,15502
RO,6,Deputado Federal,Dep. Federal,DC,DC,27,,i,DEMOCRACIA CRISTÃ,9,1008,1008,32,32,1008,1008
RO,6,Deputado Federal,Dep. Federal,PSB,PSB,40,,i,PARTIDO SOCIALISTA BRASILEIRO,9,1463,1567,207,207,1567,1463
RO,6,Deputado Federal,Dep. Federal,PSD,PSD,55,,i,PARTIDO SOCIAL DEMOCRÁTICO,8,98395,98395,2067,2067,98395,98395
RO,6,Deputado Federal,Dep. Federal,NOVO,NOVO,30,,i,PARTIDO NOVO,9,8104,8104,609,609,8104,8104
RO,6,Deputado Federal,Dep. Federal,AVANTE,AVANTE,70,,i,AVANTE,8,5415,5415,597,597,5415,5415
RO,7,Deputado Estadual,Dep. Estadual/Distrital,REDE,REDE,18,102,f,FEDERAÇÃO PSOL REDE,0,0,0,69,69,0,0
RO,7,Deputado Estadual,Dep. Estadual/Distrital,PSOL,PSOL,50,102,f,FEDERAÇÃO PSOL REDE,10,784,784,205,205,784,784
RO,7,Deputado Estadual,Dep. Estadual/Distrital,PODE,PODE,20,,i,PODEMOS,21,57720,57720,1872,1872,57720,57720
RO,7,Deputado Estadual,Dep. Estadual/Distrital,PL,PL,22,,i,PARTIDO LIBERAL,19,215640,215640,17467,17467,215640,215640
RO,7,Deputado Estadual,Dep. Estadual/Distrital,NOVO,NOVO,30,,i,PARTIDO NOVO,25,67722,67722,728,728,67722,67722
RO,7,Deputado Estadual,Dep. Estadual/Distrital,PSD,PSD,55,,i,PARTIDO SOCIAL DEMOCRÁTICO,24,114957,114957,2596,2596,114957,114957
RO,7,Deputado Estadual,Dep. Estadual/Distrital,PCDOB,PCDOB,65,101,f,FEDERAÇÃO BRASIL DA ESPERANÇA - FE BRASIL,2,287,287,46,46,287,287
RO,7,Deputado Estadual,Dep. Estadual/Distrital,PV,PV,43,101,f,FEDERAÇÃO BRASIL DA ESPERANÇA - FE BRASIL,5,1860,1860,135,135,1860,1860
RO,7,Deputado Estadual,Dep. Estadual/Distrital,PT,PT,13,101,f,FEDERAÇÃO BRASIL DA ESPERANÇA - FE BRASIL,14,50828,52620,6618,6618,52620,50828
RO,7,Deputado Estadual,Dep. Estadual/Distrital,MDB,MDB,15,,i,MOVIMENTO DEMOCRÁTICO BRASILEIRO,25,15804,15804,591,591,15804,15804
RO,7,Deputado Estadual,Dep. Estadual/Distrital,PSB,PSB,40,,i,PARTIDO SOCIALISTA BRASILEIRO,8,503,503,309,309,503,503
RO,7,Deputado Estadual,Dep. Estadual/Distrital,PRD,PRD,25,103,f,FEDERAÇÃO RENOVAÇÃO SOLIDÁRIA,13,99804,99804,1937,1937,99804,99804
RO,7,Deputado Estadual,Dep. Estadual/Distrital,SOLIDARIEDADE,SOLIDARIEDADE,77,103,f,FEDERAÇÃO RENOVAÇÃO SOLIDÁRIA,3,9298,9298,286,286,9298,9298
RO,7,Deputado Estadual,Dep. Estadual/Distrital,REPUBLICANOS,REPUBLICANOS,10,,i,REPUBLICANOS,22,84166,84404,3687,3687,84404,84166
RO,7,Deputado Estadual,Dep. Estadual/Distrital,UNIAO,UNIÃO,44,104,f,FEDERAÇÃO UNIÃO PROGRESSISTA,11,34450,34450,1731,1731,34450,34450
RO,7,Deputado Estadual,Dep. Estadual/Distrital,PP,PP,11,104,f,FEDERAÇÃO UNIÃO PROGRESSISTA,6,44811,44811,6178,6178,44811,44811
RO,7,Deputado Estadual,Dep. Estadual/Distrital,MOBILIZA,MOBILIZA,33,,i,MOBILIZAÇÃO NACIONAL,19,23261,23261,358,358,23261,23261
RO,7,Deputado Estadual,Dep. Estadual/Distrital,AVANTE,AVANTE,70,,i,AVANTE,21,74706,74706,607,607,74706,74706
RR,3,Governador,Governador,SOLIDARIEDADE,SOLIDARIEDADE,77,103,f,FEDERAÇÃO RENOVAÇÃO SOLIDÁRIA,1,213,213,0,0,213,213
RR,3,Governador,Governador,PSOL,PSOL,50,102,c,RORAIMA DA ESPERANÇA,1,4880,4880,0,0,4880,4880
RR,3,Governador,Governador,PCO,PCO,29,,i,PARTIDO DA CAUSA OPERÁRIA,1,0,77,0,0,77,0
RR,3,Governador,Governador,PL,PL,22,,c,UNIDOS POR RORAIMA,1,220809,220809,0,0,220809,220809
RR,3,Governador,Governador,REPUBLICANOS,REPUBLICANOS,10,,c,RORAIMA SEGUE EM FRENTE,1,93434,93434,0,0,93434,93434
RR,5,Senador,Senador,MDB,MDB,15,,c,RORAIMA EM PRIMEIRO LUGAR,1,117270,117270,0,0,117270,117270
RR,5,Senador,Senador,PSB,PSB,40,,c,RORAIMA MAIS FORTE,1,81845,81845,0,0,81845,81845
RR,5,Senador,Senador,PSDB,PSDB,45,100,c,RORAIMA MAIS FORTE,1,0,3806,0,0,3806,0
RR,5,Senador,Senador,AVANTE,AVANTE,70,,c,ENDIREITA RORAIMA,1,4736,4736,0,0,4736,4736
RR,5,Senador,Senador,PV,PV,43,101,f,FEDERAÇÃO BRASIL DA ESPERANÇA - FE BRASIL,1,0,2442,0,0,2442,0
RR,5,Senador,Senador,NOVO,NOVO,30,,i,PARTIDO NOVO,1,45367,45367,0,0,45367,45367
RR,5,Senador,Senador,PSOL,PSOL,50,102,f,FEDERAÇÃO PSOL REDE,2,11299,11299,0,0,11299,11299
RR,5,Senador,Senador,PL,PL,22,,i,PARTIDO LIBERAL,2,217307,217307,0,0,217307,217307
RR,5,Senador,Senador,PSD,PSD,55,,c,RORAIMA SEGUE EM FRENTE,1,106652,106652,0,0,106652,106652
RR,5,Senador,Senador,UNIAO,UNIÃO,44,104,c,RORAIMA SEGUE EM FRENTE,1,18046,18046,0,0,18046,18046
RR,5,Senador,Senador,DC,DC,27,,i,DEMOCRACIA CRISTÃ,1,843,843,0,0,843,843
RR,6,Deputado Federal,Dep. Federal,PSOL,PSOL,50,102,f,FEDERAÇÃO PSOL REDE,7,298,298,41,41,298,298
RR,6,Deputado Federal,Dep. Federal,REDE,REDE,18,102,f,FEDERAÇÃO PSOL REDE,0,0,0,29,29,0,0
RR,6,Deputado Federal,Dep. Federal,PDT,PDT,12,,i,PARTIDO DEMOCRÁTICO TRABALHISTA,9,6332,6332,502,502,6332,6332
RR,6,Deputado Federal,Dep. Federal,MDB,MDB,15,,i,MOVIMENTO DEMOCRÁTICO BRASILEIRO,6,4831,4831,482,482,4831,4831
RR,6,Deputado Federal,Dep. Federal,REPUBLICANOS,REPUBLICANOS,10,,i,REPUBLICANOS,9,88918,88918,1153,1153,88918,88918
RR,6,Deputado Federal,Dep. Federal,UNIAO,UNIÃO,44,104,f,FEDERAÇÃO UNIÃO PROGRESSISTA,8,68895,68895,1048,1048,68895,68895
RR,6,Deputado Federal,Dep. Federal,PP,PP,11,104,f,FEDERAÇÃO UNIÃO PROGRESSISTA,0,0,0,660,660,0,0
RR,6,Deputado Federal,Dep. Federal,NOVO,NOVO,30,,i,PARTIDO NOVO,9,2041,2041,104,104,2041,2041
RR,6,Deputado Federal,Dep. Federal,PCDOB,PCDOB,65,101,f,FEDERAÇÃO BRASIL DA ESPERANÇA - FE BRASIL,0,0,0,11,11,0,0
RR,6,Deputado Federal,Dep. Federal,PV,PV,43,101,f,FEDERAÇÃO BRASIL DA ESPERANÇA - FE BRASIL,2,213,213,57,57,213,213
RR,6,Deputado Federal,Dep. Federal,PT,PT,13,101,f,FEDERAÇÃO BRASIL DA ESPERANÇA - FE BRASIL,7,15788,15788,551,551,15788,15788
RR,6,Deputado Federal,Dep. Federal,PODE,PODE,20,,i,PODEMOS,9,51019,51019,583,583,51019,51019
RR,6,Deputado Federal,Dep. Federal,DC,DC,27,,i,DEMOCRACIA CRISTÃ,2,61,61,32,32,61,61
RR,6,Deputado Federal,Dep. Federal,PL,PL,22,,i,PARTIDO LIBERAL,8,47164,47164,2259,2259,47164,47164
RR,6,Deputado Federal,Dep. Federal,AVANTE,AVANTE,70,,i,AVANTE,3,1459,1459,72,72,1459,1459
RR,6,Deputado Federal,Dep. Federal,PSDB,PSDB,45,100,f,FEDERAÇÃO PSDB CIDADANIA,7,20331,20331,376,376,20331,20331
RR,6,Deputado Federal,Dep. Federal,CIDADANIA,CIDADANIA,23,100,f,FEDERAÇÃO PSDB CIDADANIA,2,2141,2141,44,44,2141,2141
RR,6,Deputado Federal,Dep. Federal,MISSAO,MISSÃO,14,,i,PARTIDO MISSÃO,3,720,720,120,120,720,720
RR,6,Deputado Federal,Dep. Federal,SOLIDARIEDADE,SOLIDARIEDADE,77,103,f,FEDERAÇÃO RENOVAÇÃO SOLIDÁRIA,2,312,312,36,36,312,312
RR,6,Deputado Federal,Dep. Federal,PRD,PRD,25,103,f,FEDERAÇÃO RENOVAÇÃO SOLIDÁRIA,2,95,95,43,43,95,95
RR,7,Deputado Estadual,Dep. Estadual/Distrital,PP,PP,11,104,f,FEDERAÇÃO UNIÃO PROGRESSISTA,6,17812,17812,228,228,17812,17812
RR,7,Deputado Estadual,Dep. Estadual/Distrital,UNIAO,UNIÃO,44,104,f,FEDERAÇÃO UNIÃO PROGRESSISTA,18,83737,83737,1480,1480,83737,83737
RR,7,Deputado Estadual,Dep. Estadual/Distrital,PODE,PODE,20,,i,PODEMOS,23,32952,33860,773,773,33860,32952
RR,7,Deputado Estadual,Dep. Estadual/Distrital,PSDB,PSDB,45,100,f,FEDERAÇÃO PSDB CIDADANIA,26,9249,9259,455,455,9259,9249
RR,7,Deputado Estadual,Dep. Estadual/Distrital,CIDADANIA,CIDADANIA,23,100,f,FEDERAÇÃO PSDB CIDADANIA,0,0,0,60,60,0,0
RR,7,Deputado Estadual,Dep. Estadual/Distrital,PDT,PDT,12,,i,PARTIDO DEMOCRÁTICO TRABALHISTA,18,22966,22966,379,379,22966,22966
RR,7,Deputado Estadual,Dep. Estadual/Distrital,PCDOB,PCDOB,65,101,f,FEDERAÇÃO BRASIL DA ESPERANÇA - FE BRASIL,0,0,0,11,11,0,0
RR,7,Deputado Estadual,Dep. Estadual/Distrital,PT,PT,13,101,f,FEDERAÇÃO BRASIL DA ESPERANÇA - FE BRASIL,16,6538,6538,604,604,6538,6538
RR,7,Deputado Estadual,Dep. Estadual/Distrital,PV,PV,43,101,f,FEDERAÇÃO BRASIL DA ESPERANÇA - FE BRASIL,9,1009,1009,34,34,1009,1009
RR,7,Deputado Estadual,Dep. Estadual/Distrital,PL,PL,22,,i,PARTIDO LIBERAL,24,61583,61583,2726,2726,61583,61583
RR,7,Deputado Estadual,Dep. Estadual/Distrital,AGIR,AGIR,36,,i,AGIR,25,18560,18560,128,128,18560,18560
RR,7,Deputado Estadual,Dep. Estadual/Distrital,MDB,MDB,15,,i,MOVIMENTO DEMOCRÁTICO BRASILEIRO,20,13248,13248,1263,1263,13248,13248
RR,7,Deputado Estadual,Dep. Estadual/Distrital,REPUBLICANOS,REPUBLICANOS,10,,i,REPUBLICANOS,22,42871,42871,1224,1224,42871,42871
RR,7,Deputado Estadual,Dep. Estadual/Distrital,NOVO,NOVO,30,,i,PARTIDO NOVO,13,443,443,269,269,443,443
RR,7,Deputado Estadual,Dep. Estadual/Distrital,DC,DC,27,,i,DEMOCRACIA CRISTÃ,11,307,307,19,19,307,307
RS,3,Governador,Governador,MDB,MDB,15,,c,NOSSO RIO GRANDE NÃO PARA,1,510698,510698,0,0,510698,510698
RS,3,Governador,Governador,PDT,PDT,12,,c,COLIGAÇÃO COM O POVO,1,1917374,1917374,0,0,1917374,1917374
RS,3,Governador,Governador,PSTU,PSTU,16,,i,PARTIDO SOCIALISTA  DOS TRABALHADORES UNIFICADO,1,3492,3492,0,0,3492,3492
RS,3,Governador,Governador,UP,UP,80,,i,UNIDADE POPULAR,1,5716,5716,0,0,5716,5716
RS,3,Governador,Governador,PL,PL,22,,c,O RIO GRANDE PODE MAIS,1,3516048,3516048,0,0,3516048,3516048
RS,3,Governador,Governador,PSDB,PSDB,45,100,f,FEDERAÇÃO PSDB CIDADANIA,1,101978,101978,0,0,101978,101978
RS,3,Governador,Governador,PCO,PCO,29,,i,PARTIDO DA CAUSA OPERÁRIA,1,0,2137,0,0,2137,0
RS,5,Senador,Senador,PT,PT,13,101,c,COLIGAÇÃO COM O POVO,1,1870301,1870301,0,0,1870301,1870301
RS,5,Senador,Senador,PSOL,PSOL,50,102,c,COLIGAÇÃO COM O POVO,1,1957697,1957697,0,0,1957697,1957697
RS,5,Senador,Senador,PSD,PSD,55,,c,NOSSO RIO GRANDE NÃO PARA,1,223643,223643,0,0,223643,223643
RS,5,Senador,Senador,MDB,MDB,15,,c,NOSSO RIO GRANDE NÃO PARA,1,420722,420722,0,0,420722,420722
RS,5,Senador,Senador,PL,PL,22,,c,O RIO GRANDE PODE MAIS,1,3453316,3453316,0,0,3453316,3453316
RS,5,Senador,Senador,NOVO,NOVO,30,,c,O RIO GRANDE PODE MAIS,1,3449053,3449053,0,0,3449053,3449053
RS,5,Senador,Senador,PSTU,PSTU,16,,i,PARTIDO SOCIALISTA  DOS TRABALHADORES UNIFICADO,2,30835,30835,0,0,30835,30835
RS,5,Senador,Senador,PCO,PCO,29,,i,PARTIDO DA CAUSA OPERÁRIA,1,0,2310,0,0,2310,0
RS,5,Senador,Senador,CIDADANIA,CIDADANIA,23,100,f,FEDERAÇÃO PSDB CIDADANIA,1,16428,16428,0,0,16428,16428
RS,5,Senador,Senador,PSDB,PSDB,45,100,f,FEDERAÇÃO PSDB CIDADANIA,1,25937,25937,0,0,25937,25937
RS,5,Senador,Senador,UP,UP,80,,i,UNIDADE POPULAR,2,17850,17850,0,0,17850,17850
RS,6,Deputado Federal,Dep. Federal,PSTU,PSTU,16,,i,PARTIDO SOCIALISTA  DOS TRABALHADORES UNIFICADO,2,708,708,661,661,708,708
RS,6,Deputado Federal,Dep. Federal,PSOL,PSOL,50,102,f,FEDERAÇÃO PSOL REDE,23,355911,355911,7120,7120,355911,355911
RS,6,Deputado Federal,Dep. Federal,REDE,REDE,18,102,f,FEDERAÇÃO PSOL REDE,2,4325,4325,1455,1455,4325,4325
RS,6,Deputado Federal,Dep. Federal,PSB,PSB,40,,i,PARTIDO SOCIALISTA BRASILEIRO,22,51642,51642,999,999,51642,51642
RS,6,Deputado Federal,Dep. Federal,PODE,PODE,20,,i,PODEMOS,32,425114,425114,3464,3464,425114,425114
RS,6,Deputado Federal,Dep. Federal,PDT,PDT,12,,i,PARTIDO DEMOCRÁTICO TRABALHISTA,32,260314,260314,13225,13225,260314,260314
RS,6,Deputado Federal,Dep. Federal,SOLIDARIEDADE,SOLIDARIEDADE,77,103,f,FEDERAÇÃO RENOVAÇÃO SOLIDÁRIA,11,3686,3686,247,247,3686,3686
RS,6,Deputado Federal,Dep. Federal,PRD,PRD,25,103,f,FEDERAÇÃO RENOVAÇÃO SOLIDÁRIA,5,1455,1455,935,935,1455,1455
RS,6,Deputado Federal,Dep. Federal,AGIR,AGIR,36,,i,AGIR,11,0,1393,0,237,1393,0
RS,6,Deputado Federal,Dep. Federal,PL,PL,22,,i,PARTIDO LIBERAL,32,1273934,1273934,38981,38981,1273934,1273934
RS,6,Deputado Federal,Dep. Federal,DEMOCRATA,DEMOCRATA,35,,i,DEMOCRATA,12,0,3996,0,512,3996,0
RS,6,Deputado Federal,Dep. Federal,AVANTE,AVANTE,70,,i,AVANTE,13,24483,24483,917,917,24483,24483
RS,6,Deputado Federal,Dep. Federal,PT,PT,13,101,f,FEDERAÇÃO BRASIL DA ESPERANÇA - FE BRASIL,21,877927,877927,53332,53332,877927,877927
RS,6,Deputado Federal,Dep. Federal,PCDOB,PCDOB,65,101,f,FEDERAÇÃO BRASIL DA ESPERANÇA - FE BRASIL,2,114660,114660,1283,1283,114660,114660
RS,6,Deputado Federal,Dep. Federal,PV,PV,43,101,f,FEDERAÇÃO BRASIL DA ESPERANÇA - FE BRASIL,3,15877,15877,357,357,15877,15877
RS,6,Deputado Federal,Dep. Federal,DC,DC,27,,i,DEMOCRACIA CRISTÃ,22,4124,4124,272,272,4124,4124
RS,6,Deputado Federal,Dep. Federal,MDB,MDB,15,,i,MOVIMENTO DEMOCRÁTICO BRASILEIRO,32,461814,461814,9935,9935,461814,461814
RS,6,Deputado Federal,Dep. Federal,REPUBLICANOS,REPUBLICANOS,10,,i,REPUBLICANOS,32,381783,403256,3322,3322,403256,381783
RS,6,Deputado Federal,Dep. Federal,MISSAO,MISSÃO,14,,i,PARTIDO MISSÃO,16,71454,71454,4856,4856,71454,71454
RS,6,Deputado Federal,Dep. Federal,UP,UP,80,,i,UNIDADE POPULAR,3,1738,1738,263,263,1738,1738
RS,6,Deputado Federal,Dep. Federal,CIDADANIA,CIDADANIA,23,100,f,FEDERAÇÃO PSDB CIDADANIA,0,0,0,1604,1604,0,0
RS,6,Deputado Federal,Dep. Federal,PSDB,PSDB,45,100,f,FEDERAÇÃO PSDB CIDADANIA,30,134263,134263,2293,2293,134263,134263
RS,6,Deputado Federal,Dep. Federal,UNIAO,UNIÃO,44,104,f,FEDERAÇÃO UNIÃO PROGRESSISTA,3,61145,61145,3688,3688,61145,61145
RS,6,Deputado Federal,Dep. Federal,PP,PP,11,104,f,FEDERAÇÃO UNIÃO PROGRESSISTA,13,696588,696588,13528,13528,696588,696588
RS,6,Deputado Federal,Dep. Federal,PSD,PSD,55,,i,PARTIDO SOCIAL DEMOCRÁTICO,31,418863,418863,6284,6284,418863,418863
RS,6,Deputado Federal,Dep. Federal,NOVO,NOVO,30,,i,PARTIDO NOVO,30,263259,263259,7183,7183,263259,263259
RS,7,Deputado Estadual,Dep. Estadual/Distrital,REPUBLICANOS,REPUBLICANOS,10,,i,REPUBLICANOS,55,441005,441005,8310,8310,441005,441005
RS,7,Deputado Estadual,Dep. Estadual/Distrital,MDB,MDB,15,,i,MOVIMENTO DEMOCRÁTICO BRASILEIRO,50,565339,565339,24141,24141,565339,565339
RS,7,Deputado Estadual,Dep. Estadual/Distrital,CIDADANIA,CIDADANIA,23,100,f,FEDERAÇÃO PSDB CIDADANIA,6,5488,5488,1560,1560,5488,5488
RS,7,Deputado Estadual,Dep. Estadual/Distrital,PSDB,PSDB,45,100,f,FEDERAÇÃO PSDB CIDADANIA,36,105876,106057,5861,5861,106057,105876
RS,7,Deputado Estadual,Dep. Estadual/Distrital,REDE,REDE,18,102,f,FEDERAÇÃO PSOL REDE,2,580,580,692,692,580,580
RS,7,Deputado Estadual,Dep. Estadual/Distrital,PSOL,PSOL,50,102,f,FEDERAÇÃO PSOL REDE,21,302087,302087,21911,21911,302087,302087
RS,7,Deputado Estadual,Dep. Estadual/Distrital,NOVO,NOVO,30,,i,PARTIDO NOVO,38,162897,162897,30084,30084,162897,162897
RS,7,Deputado Estadual,Dep. Estadual/Distrital,PSB,PSB,40,,i,PARTIDO SOCIALISTA BRASILEIRO,24,64732,64732,2201,2201,64732,64732
RS,7,Deputado Estadual,Dep. Estadual/Distrital,UP,UP,80,,i,UNIDADE POPULAR,2,1424,1424,326,326,1424,1424
RS,7,Deputado Estadual,Dep. Estadual/Distrital,PT,PT,13,101,f,FEDERAÇÃO BRASIL DA ESPERANÇA - FE BRASIL,40,823132,823132,95119,95119,823132,823132
RS,7,Deputado Estadual,Dep. Estadual/Distrital,PCDOB,PCDOB,65,101,f,FEDERAÇÃO BRASIL DA ESPERANÇA - FE BRASIL,6,70512,70512,1880,1880,70512,70512
RS,7,Deputado Estadual,Dep. Estadual/Distrital,PV,PV,43,101,f,FEDERAÇÃO BRASIL DA ESPERANÇA - FE BRASIL,5,2437,2437,644,644,2437,2437
RS,7,Deputado Estadual,Dep. Estadual/Distrital,DEMOCRATA,DEMOCRATA,35,,i,DEMOCRATA,8,0,1617,0,510,1617,0
RS,7,Deputado Estadual,Dep. Estadual/Distrital,PDT,PDT,12,,i,PARTIDO DEMOCRÁTICO TRABALHISTA,47,389881,389881,18737,18737,389881,389881
RS,7,Deputado Estadual,Dep. Estadual/Distrital,PSTU,PSTU,16,,i,PARTIDO SOCIALISTA  DOS TRABALHADORES UNIFICADO,2,526,526,758,758,526,526
RS,7,Deputado Estadual,Dep. Estadual/Distrital,PODE,PODE,20,,i,PODEMOS,46,284702,284702,6840,6840,284702,284702
RS,7,Deputado Estadual,Dep. Estadual/Distrital,PL,PL,22,,i,PARTIDO LIBERAL,56,1117476,1117476,77601,77601,1117476,1117476
RS,7,Deputado Estadual,Dep. Estadual/Distrital,UNIAO,UNIÃO,44,104,f,FEDERAÇÃO UNIÃO PROGRESSISTA,14,164570,164570,3044,3044,164570,164570
RS,7,Deputado Estadual,Dep. Estadual/Distrital,PP,PP,11,104,f,FEDERAÇÃO UNIÃO PROGRESSISTA,29,694999,694999,15455,15455,694999,694999
RS,7,Deputado Estadual,Dep. Estadual/Distrital,PSD,PSD,55,,i,PARTIDO SOCIAL DEMOCRÁTICO,35,544799,544799,12766,12766,544799,544799
RS,7,Deputado Estadual,Dep. Estadual/Distrital,MISSAO,MISSÃO,14,,i,PARTIDO MISSÃO,6,30368,30368,6235,6235,30368,30368
SC,3,Governador,Governador,PSD,PSD,55,,c,SANTA CATARINA ACIMA DE TUDO,1,569263,569263,0,0,569263,569263
SC,3,Governador,Governador,UP,UP,80,,i,UNIDADE POPULAR,1,21252,21252,0,0,21252,21252
SC,3,Governador,Governador,PCO,PCO,29,,i,PARTIDO DA CAUSA OPERÁRIA,1,2413,2413,0,0,2413,2413
SC,3,Governador,Governador,PRD,PRD,25,103,f,FEDERAÇÃO RENOVAÇÃO SOLIDÁRIA,1,9000,9000,0,0,9000,9000
SC,3,Governador,Governador,PSB,PSB,40,,c,CORAGEM PARA MUDAR,1,668021,668021,0,0,668021,668021
SC,3,Governador,Governador,PL,PL,22,,c,FÉ NO TRABALHO E PÉ NA TÁBUA,1,2942386,2942386,0,0,2942386,2942386
SC,3,Governador,Governador,PSTU,PSTU,16,,i,PARTIDO SOCIALISTA  DOS TRABALHADORES UNIFICADO,1,6682,6682,0,0,6682,6682
SC,3,Governador,Governador,MISSAO,MISSÃO,14,,i,PARTIDO MISSÃO,1,46624,46624,0,0,46624,46624
SC,5,Senador,Senador,MISSAO,MISSÃO,14,,i,PARTIDO MISSÃO,1,59365,59365,0,0,59365,59365
SC,5,Senador,Senador,PP,PP,11,104,c,SANTA CATARINA ACIMA DE TUDO,1,1233034,1233034,0,0,1233034,1233034
SC,5,Senador,Senador,MDB,MDB,15,,c,SANTA CATARINA ACIMA DE TUDO,1,482413,482413,0,0,482413,482413
SC,5,Senador,Senador,PL,PL,22,,c,FÉ NO TRABALHO E PÉ NA TÁBUA,2,4736758,4736758,0,0,4736758,4736758
SC,5,Senador,Senador,PT,PT,13,101,c,CORAGEM PARA MUDAR,1,823200,823200,0,0,823200,823200
SC,5,Senador,Senador,PSOL,PSOL,50,102,c,CORAGEM PARA MUDAR,1,657451,657451,0,0,657451,657451
SC,5,Senador,Senador,PRD,PRD,25,103,f,FEDERAÇÃO RENOVAÇÃO SOLIDÁRIA,1,14060,14060,0,0,14060,14060
SC,5,Senador,Senador,PCO,PCO,29,,i,PARTIDO DA CAUSA OPERÁRIA,1,0,11975,0,0,11975,0
SC,5,Senador,Senador,UP,UP,80,,i,UNIDADE POPULAR,2,24940,24940,0,0,24940,24940
SC,5,Senador,Senador,PSTU,PSTU,16,,i,PARTIDO SOCIALISTA  DOS TRABALHADORES UNIFICADO,2,9879,9879,0,0,9879,9879
SC,6,Deputado Federal,Dep. Federal,PRD,PRD,25,103,f,FEDERAÇÃO RENOVAÇÃO SOLIDÁRIA,10,10719,11035,807,807,11035,10719
SC,6,Deputado Federal,Dep. Federal,SOLIDARIEDADE,SOLIDARIEDADE,77,103,f,FEDERAÇÃO RENOVAÇÃO SOLIDÁRIA,4,622,680,186,186,680,622
SC,6,Deputado Federal,Dep. Federal,UP,UP,80,,i,UNIDADE POPULAR,2,3392,3392,223,223,3392,3392
SC,6,Deputado Federal,Dep. Federal,PSDB,PSDB,45,100,f,FEDERAÇÃO PSDB CIDADANIA,0,0,0,2138,2138,0,0
SC,6,Deputado Federal,Dep. Federal,CIDADANIA,CIDADANIA,23,100,f,FEDERAÇÃO PSDB CIDADANIA,3,2649,2649,1323,1323,2649,2649
SC,6,Deputado Federal,Dep. Federal,DC,DC,27,,i,DEMOCRACIA CRISTÃ,17,4605,4605,107,107,4605,4605
SC,6,Deputado Federal,Dep. Federal,MISSAO,MISSÃO,14,,i,PARTIDO MISSÃO,17,46045,46816,3184,3184,46816,46045
SC,6,Deputado Federal,Dep. Federal,REDE,REDE,18,102,f,FEDERAÇÃO PSOL REDE,0,0,0,745,745,0,0
SC,6,Deputado Federal,Dep. Federal,PSOL,PSOL,50,102,f,FEDERAÇÃO PSOL REDE,16,37448,37448,3972,3972,37448,37448
SC,6,Deputado Federal,Dep. Federal,PL,PL,22,,i,PARTIDO LIBERAL,17,1502338,1502338,36796,36796,1502338,1502338
SC,6,Deputado Federal,Dep. Federal,REPUBLICANOS,REPUBLICANOS,10,,i,REPUBLICANOS,13,335568,335568,5003,5003,335568,335568
SC,6,Deputado Federal,Dep. Federal,PT,PT,13,101,f,FEDERAÇÃO BRASIL DA ESPERANÇA - FE BRASIL,13,545852,545852,28778,28778,545852,545852
SC,6,Deputado Federal,Dep. Federal,PCDOB,PCDOB,65,101,f,FEDERAÇÃO BRASIL DA ESPERANÇA - FE BRASIL,2,114976,114976,849,849,114976,114976
SC,6,Deputado Federal,Dep. Federal,PV,PV,43,101,f,FEDERAÇÃO BRASIL DA ESPERANÇA - FE BRASIL,2,1372,1372,131,131,1372,1372
SC,6,Deputado Federal,Dep. Federal,NOVO,NOVO,30,,i,PARTIDO NOVO,17,299508,299508,3444,3444,299508,299508
SC,6,Deputado Federal,Dep. Federal,PDT,PDT,12,,i,PARTIDO DEMOCRÁTICO TRABALHISTA,8,10410,10410,6153,6153,10410,10410
SC,6,Deputado Federal,Dep. Federal,PODE,PODE,20,,i,PODEMOS,17,215900,215900,2778,2778,215900,215900
SC,6,Deputado Federal,Dep. Federal,PSD,PSD,55,,i,PARTIDO SOCIAL DEMOCRÁTICO,14,278290,278290,4672,4672,278290,278290
SC,6,Deputado Federal,Dep. Federal,UNIAO,UNIÃO,44,104,f,FEDERAÇÃO UNIÃO PROGRESSISTA,8,131703,131703,3067,3067,131703,131703
SC,6,Deputado Federal,Dep. Federal,PP,PP,11,104,f,FEDERAÇÃO UNIÃO PROGRESSISTA,8,184084,184084,7790,7790,184084,184084
SC,6,Deputado Federal,Dep. Federal,MDB,MDB,15,,i,MOVIMENTO DEMOCRÁTICO BRASILEIRO,16,376479,403768,7917,7917,403768,376479
SC,6,Deputado Federal,Dep. Federal,PCO,PCO,29,,i,PARTIDO DA CAUSA OPERÁRIA,2,368,368,137,137,368,368
SC,6,Deputado Federal,Dep. Federal,PSB,PSB,40,,i,PARTIDO SOCIALISTA BRASILEIRO,2,1677,1677,1338,1338,1677,1677
SC,6,Deputado Federal,Dep. Federal,AVANTE,AVANTE,70,,i,AVANTE,16,5390,5607,565,565,5607,5390
SC,7,Deputado Estadual,Dep. Estadual/Distrital,MDB,MDB,15,,i,MOVIMENTO DEMOCRÁTICO BRASILEIRO,25,362881,362961,14988,14988,362961,362881
SC,7,Deputado Estadual,Dep. Estadual/Distrital,PCDOB,PCDOB,65,101,f,FEDERAÇÃO BRASIL DA ESPERANÇA - FE BRASIL,2,24223,24223,1207,1207,24223,24223
SC,7,Deputado Estadual,Dep. Estadual/Distrital,PV,PV,43,101,f,FEDERAÇÃO BRASIL DA ESPERANÇA - FE BRASIL,0,0,0,290,290,0,0
SC,7,Deputado Estadual,Dep. Estadual/Distrital,PT,PT,13,101,f,FEDERAÇÃO BRASIL DA ESPERANÇA - FE BRASIL,30,424520,441209,53309,53309,441209,424520
SC,7,Deputado Estadual,Dep. Estadual/Distrital,PDT,PDT,12,,i,PARTIDO DEMOCRÁTICO TRABALHISTA,35,91971,91971,4507,4507,91971,91971
SC,7,Deputado Estadual,Dep. Estadual/Distrital,REDE,REDE,18,102,f,FEDERAÇÃO PSOL REDE,3,415,415,510,510,415,415
SC,7,Deputado Estadual,Dep. Estadual/Distrital,PSOL,PSOL,50,102,f,FEDERAÇÃO PSOL REDE,23,128363,128363,4664,4664,128363,128363
SC,7,Deputado Estadual,Dep. Estadual/Distrital,PL,PL,22,,i,PARTIDO LIBERAL,38,1446212,1446212,82517,82517,1446212,1446212
SC,7,Deputado Estadual,Dep. Estadual/Distrital,PODE,PODE,20,,i,PODEMOS,39,191466,191466,4244,4244,191466,191466
SC,7,Deputado Estadual,Dep. Estadual/Distrital,PSTU,PSTU,16,,i,PARTIDO SOCIALISTA  DOS TRABALHADORES UNIFICADO,2,691,691,539,539,691,691
SC,7,Deputado Estadual,Dep. Estadual/Distrital,AGIR,AGIR,36,,i,AGIR,3,272,272,232,232,272,272
SC,7,Deputado Estadual,Dep. Estadual/Distrital,UNIAO,UNIÃO,44,104,f,FEDERAÇÃO UNIÃO PROGRESSISTA,19,255778,255778,3631,3631,255778,255778
SC,7,Deputado Estadual,Dep. Estadual/Distrital,PP,PP,11,104,f,FEDERAÇÃO UNIÃO PROGRESSISTA,21,190345,190345,18785,18785,190345,190345
SC,7,Deputado Estadual,Dep. Estadual/Distrital,PSDB,PSDB,45,100,f,FEDERAÇÃO PSDB CIDADANIA,16,61593,61593,3205,3205,61593,61593
SC,7,Deputado Estadual,Dep. Estadual/Distrital,CIDADANIA,CIDADANIA,23,100,f,FEDERAÇÃO PSDB CIDADANIA,3,8390,8390,1037,1037,8390,8390
SC,7,Deputado Estadual,Dep. Estadual/Distrital,NOVO,NOVO,30,,i,PARTIDO NOVO,37,183117,183117,3893,3893,183117,183117
SC,7,Deputado Estadual,Dep. Estadual/Distrital,PRD,PRD,25,103,f,FEDERAÇÃO RENOVAÇÃO SOLIDÁRIA,22,12269,12269,1102,1102,12269,12269
SC,7,Deputado Estadual,Dep. Estadual/Distrital,SOLIDARIEDADE,SOLIDARIEDADE,77,103,f,FEDERAÇÃO RENOVAÇÃO SOLIDÁRIA,7,714,714,221,221,714,714
SC,7,Deputado Estadual,Dep. Estadual/Distrital,AVANTE,AVANTE,70,,i,AVANTE,10,2214,2214,440,440,2214,2214
SC,7,Deputado Estadual,Dep. Estadual/Distrital,PSD,PSD,55,,i,PARTIDO SOCIAL DEMOCRÁTICO,18,312992,312992,7190,7190,312992,312992
SC,7,Deputado Estadual,Dep. Estadual/Distrital,REPUBLICANOS,REPUBLICANOS,10,,i,REPUBLICANOS,30,325122,325122,6099,6099,325122,325122
SC,7,Deputado Estadual,Dep. Estadual/Distrital,MISSAO,MISSÃO,14,,i,PARTIDO MISSÃO,15,31239,31723,3687,3687,31723,31239
SE,3,Governador,Governador,DC,DC,27,,i,DEMOCRACIA CRISTÃ,1,2728,2728,0,0,2728,2728
SE,3,Governador,Governador,PSD,PSD,55,,c,SERGIPE CRESCE COM VOCÊ,1,727291,727291,0,0,727291,727291
SE,3,Governador,Governador,REPUBLICANOS,REPUBLICANOS,10,,c,MUDA SERGIPE COM A FORÇA DO POVO,1,459908,459908,0,0,459908,459908
SE,3,Governador,Governador,PSOL,PSOL,50,102,f,FEDERAÇÃO PSOL REDE,1,0,37081,0,0,37081,0
SE,5,Senador,Senador,REPUBLICANOS,REPUBLICANOS,10,,c,MUDA SERGIPE COM A FORÇA DO POVO,2,601437,601437,0,0,601437,601437
SE,5,Senador,Senador,MDB,MDB,15,,i,MOVIMENTO DEMOCRÁTICO BRASILEIRO,1,399775,399775,0,0,399775,399775
SE,5,Senador,Senador,PDT,PDT,12,,i,PARTIDO DEMOCRÁTICO TRABALHISTA,1,187491,187491,0,0,187491,187491
SE,5,Senador,Senador,PL,PL,22,,c,FÉ E CORAGEM PRA MUDAR,2,169728,169728,0,0,169728,169728
SE,5,Senador,Senador,DC,DC,27,,i,DEMOCRACIA CRISTÃ,1,7527,7527,0,0,7527,7527
SE,5,Senador,Senador,PT,PT,13,101,c,SERGIPE CRESCE COM VOCÊ,1,511142,511142,0,0,511142,511142
SE,5,Senador,Senador,UNIAO,UNIÃO,44,104,c,SERGIPE CRESCE COM VOCÊ,1,377669,377669,0,0,377669,377669
SE,5,Senador,Senador,PSOL,PSOL,50,102,f,FEDERAÇÃO PSOL REDE,1,0,78400,0,0,78400,0
SE,6,Deputado Federal,Dep. Federal,DC,DC,27,,i,DEMOCRACIA CRISTÃ,5,486,486,38,38,486,486
SE,6,Deputado Federal,Dep. Federal,MISSAO,MISSÃO,14,,i,PARTIDO MISSÃO,8,5328,5328,510,510,5328,5328
SE,6,Deputado Federal,Dep. Federal,PSD,PSD,55,,i,PARTIDO SOCIAL DEMOCRÁTICO,9,251612,251612,5562,5562,251612,251612
SE,6,Deputado Federal,Dep. Federal,PSB,PSB,40,,i,PARTIDO SOCIALISTA BRASILEIRO,9,191297,191297,2024,2024,191297,191297
SE,6,Deputado Federal,Dep. Federal,UP,UP,80,,i,UNIDADE POPULAR,2,468,468,34,34,468,468
SE,6,Deputado Federal,Dep. Federal,PT,PT,13,101,f,FEDERAÇÃO BRASIL DA ESPERANÇA - FE BRASIL,5,158938,158938,9265,9265,158938,158938
SE,6,Deputado Federal,Dep. Federal,PCDOB,PCDOB,65,101,f,FEDERAÇÃO BRASIL DA ESPERANÇA - FE BRASIL,2,989,989,108,108,989,989
SE,6,Deputado Federal,Dep. Federal,PV,PV,43,101,f,FEDERAÇÃO BRASIL DA ESPERANÇA - FE BRASIL,2,2763,2763,1108,1108,2763,2763
SE,6,Deputado Federal,Dep. Federal,REDE,REDE,18,102,f,FEDERAÇÃO PSOL REDE,0,0,0,0,251,0,0
SE,6,Deputado Federal,Dep. Federal,PSOL,PSOL,50,102,f,FEDERAÇÃO PSOL REDE,5,0,11495,0,1222,11495,0
SE,6,Deputado Federal,Dep. Federal,REPUBLICANOS,REPUBLICANOS,10,,i,REPUBLICANOS,9,199106,199106,3810,3810,199106,199106
SE,6,Deputado Federal,Dep. Federal,PSDB,PSDB,45,100,f,FEDERAÇÃO PSDB CIDADANIA,4,1073,1073,454,454,1073,1073
SE,6,Deputado Federal,Dep. Federal,CIDADANIA,CIDADANIA,23,100,f,FEDERAÇÃO PSDB CIDADANIA,2,1822,1822,236,236,1822,1822
SE,6,Deputado Federal,Dep. Federal,PODE,PODE,20,,i,PODEMOS,7,1789,1789,417,417,1789,1789
SE,6,Deputado Federal,Dep. Federal,NOVO,NOVO,30,,i,PARTIDO NOVO,8,1531,1531,87,87,1531,1531
SE,6,Deputado Federal,Dep. Federal,AVANTE,AVANTE,70,,i,AVANTE,9,17115,17115,838,838,17115,17115
SE,6,Deputado Federal,Dep. Federal,MDB,MDB,15,,i,MOVIMENTO DEMOCRÁTICO BRASILEIRO,9,7202,7202,2202,2202,7202,7202
SE,6,Deputado Federal,Dep. Federal,PP,PP,11,104,f,FEDERAÇÃO UNIÃO PROGRESSISTA,5,111827,111827,2943,2943,111827,111827
SE,6,Deputado Federal,Dep. Federal,UNIAO,UNIÃO,44,104,f,FEDERAÇÃO UNIÃO PROGRESSISTA,4,195203,195203,5119,5119,195203,195203
SE,6,Deputado Federal,Dep. Federal,PDT,PDT,12,,i,PARTIDO DEMOCRÁTICO TRABALHISTA,8,4305,4305,3078,3078,4305,4305
SE,6,Deputado Federal,Dep. Federal,PL,PL,22,,i,PARTIDO LIBERAL,9,89678,89678,3335,3335,89678,89678
SE,7,Deputado Estadual,Dep. Estadual/Distrital,PSD,PSD,55,,i,PARTIDO SOCIAL DEMOCRÁTICO,16,242222,242222,7820,7820,242222,242222
SE,7,Deputado Estadual,Dep. Estadual/Distrital,PP,PP,11,104,f,FEDERAÇÃO UNIÃO PROGRESSISTA,10,33365,33365,2387,2387,33365,33365
SE,7,Deputado Estadual,Dep. Estadual/Distrital,UNIAO,UNIÃO,44,104,f,FEDERAÇÃO UNIÃO PROGRESSISTA,15,251192,251192,13207,13207,251192,251192
SE,7,Deputado Estadual,Dep. Estadual/Distrital,PT,PT,13,101,f,FEDERAÇÃO BRASIL DA ESPERANÇA - FE BRASIL,13,90895,90895,18121,18121,90895,90895
SE,7,Deputado Estadual,Dep. Estadual/Distrital,PV,PV,43,101,f,FEDERAÇÃO BRASIL DA ESPERANÇA - FE BRASIL,5,55330,55330,723,723,55330,55330
SE,7,Deputado Estadual,Dep. Estadual/Distrital,PCDOB,PCDOB,65,101,f,FEDERAÇÃO BRASIL DA ESPERANÇA - FE BRASIL,2,1137,1137,144,144,1137,1137
SE,7,Deputado Estadual,Dep. Estadual/Distrital,REPUBLICANOS,REPUBLICANOS,10,,i,REPUBLICANOS,25,127968,127968,12185,12185,127968,127968
SE,7,Deputado Estadual,Dep. Estadual/Distrital,REDE,REDE,18,102,f,FEDERAÇÃO PSOL REDE,0,0,0,0,144,0,0
SE,7,Deputado Estadual,Dep. Estadual/Distrital,PSOL,PSOL,50,102,f,FEDERAÇÃO PSOL REDE,12,0,55143,0,1282,55143,0
SE,7,Deputado Estadual,Dep. Estadual/Distrital,PL,PL,22,,i,PARTIDO LIBERAL,24,86790,86790,4787,4787,86790,86790
SE,7,Deputado Estadual,Dep. Estadual/Distrital,AVANTE,AVANTE,70,,i,AVANTE,25,48809,49171,897,897,49171,48809
SE,7,Deputado Estadual,Dep. Estadual/Distrital,MDB,MDB,15,,i,MOVIMENTO DEMOCRÁTICO BRASILEIRO,20,112942,112942,7435,7435,112942,112942
SE,7,Deputado Estadual,Dep. Estadual/Distrital,PODE,PODE,20,,i,PODEMOS,24,16937,16937,283,283,16937,16937
SE,7,Deputado Estadual,Dep. Estadual/Distrital,PSB,PSB,40,,i,PARTIDO SOCIALISTA BRASILEIRO,19,97380,97380,3304,3304,97380,97380
SE,7,Deputado Estadual,Dep. Estadual/Distrital,UP,UP,80,,i,UNIDADE POPULAR,2,248,248,74,74,248,248
SP,3,Governador,Governador,REPUBLICANOS,REPUBLICANOS,10,,c,CORAGEM PARA SEGUIR AVANÇANDO,1,14491874,14491874,0,0,14491874,14491874
SP,3,Governador,Governador,PT,PT,13,101,c,DESPERTA SÃO PAULO,1,8423656,8423656,0,0,8423656,8423656
SP,3,Governador,Governador,UP,UP,80,,i,UNIDADE POPULAR,1,80480,80480,0,0,80480,80480
SP,3,Governador,Governador,PSTU,PSTU,16,,i,PARTIDO SOCIALISTA  DOS TRABALHADORES UNIFICADO,1,75641,75641,0,0,75641,75641
SP,3,Governador,Governador,PCB,PCB,21,,i,PARTIDO COMUNISTA BRASILEIRO,1,58862,58862,0,0,58862,58862
SP,5,Senador,Senador,PL,PL,22,,c,CORAGEM PARA SEGUIR AVANÇANDO,1,12703089,12703089,0,0,12703089,12703089
SP,5,Senador,Senador,PP,PP,11,104,c,CORAGEM PARA SEGUIR AVANÇANDO,1,13273880,13273880,0,0,13273880,13273880
SP,5,Senador,Senador,PCB,PCB,21,,i,PARTIDO COMUNISTA BRASILEIRO,1,28311,28311,0,0,28311,28311
SP,5,Senador,Senador,MISSAO,MISSÃO,14,,i,PARTIDO MISSÃO,1,392916,392916,0,0,392916,392916
SP,5,Senador,Senador,PSB,PSB,40,,c,DESPERTA SÃO PAULO,1,8342968,8342968,0,0,8342968,8342968
SP,5,Senador,Senador,REDE,REDE,18,102,c,DESPERTA SÃO PAULO,1,7862400,7862400,0,0,7862400,7862400
SP,5,Senador,Senador,CIDADANIA,CIDADANIA,23,100,f,FEDERAÇÃO PSDB CIDADANIA,1,165707,165707,0,0,165707,165707
SP,5,Senador,Senador,PODE,PODE,20,,i,PODEMOS,1,386468,386468,0,0,386468,386468
SP,5,Senador,Senador,PSTU,PSTU,16,,i,PARTIDO SOCIALISTA  DOS TRABALHADORES UNIFICADO,2,85703,85703,0,0,85703,85703
SP,5,Senador,Senador,AGIR,AGIR,36,,i,AGIR,1,0,8732,0,0,8732,0
SP,5,Senador,Senador,UP,UP,80,,i,UNIDADE POPULAR,2,136461,136461,0,0,136461,136461
SP,6,Deputado Federal,Dep. Federal,MISSAO,MISSÃO,14,,i,PARTIDO MISSÃO,45,640258,640258,16133,16133,640258,640258
SP,6,Deputado Federal,Dep. Federal,PSTU,PSTU,16,,i,PARTIDO SOCIALISTA  DOS TRABALHADORES UNIFICADO,5,5862,5862,2150,2150,5862,5862
SP,6,Deputado Federal,Dep. Federal,PSB,PSB,40,,i,PARTIDO SOCIALISTA BRASILEIRO,66,940365,941597,23919,23919,941597,940365
SP,6,Deputado Federal,Dep. Federal,PSD,PSD,55,,i,PARTIDO SOCIAL DEMOCRÁTICO,70,1560406,1560406,10437,10437,1560406,1560406
SP,6,Deputado Federal,Dep. Federal,REPUBLICANOS,REPUBLICANOS,10,,i,REPUBLICANOS,51,1473799,1479856,27804,27804,1479856,1473799
SP,6,Deputado Federal,Dep. Federal,PODE,PODE,20,,i,PODEMOS,58,1904268,1904268,8780,8780,1904268,1904268
SP,6,Deputado Federal,Dep. Federal,PL,PL,22,,i,PARTIDO LIBERAL,71,6278173,6279893,151324,151324,6279893,6278173
SP,6,Deputado Federal,Dep. Federal,AGIR,AGIR,36,,i,AGIR,54,2813,9808,521,521,9808,2813
SP,6,Deputado Federal,Dep. Federal,UNIAO,UNIÃO,44,104,f,FEDERAÇÃO UNIÃO PROGRESSISTA,36,723240,723240,4277,4277,723240,723240
SP,6,Deputado Federal,Dep. Federal,PP,PP,11,104,f,FEDERAÇÃO UNIÃO PROGRESSISTA,32,1045570,1045570,36924,36924,1045570,1045570
SP,6,Deputado Federal,Dep. Federal,UP,UP,80,,i,UNIDADE POPULAR,5,11004,11004,2472,2472,11004,11004
SP,6,Deputado Federal,Dep. Federal,SOLIDARIEDADE,SOLIDARIEDADE,77,103,f,FEDERAÇÃO RENOVAÇÃO SOLIDÁRIA,25,156961,156961,2396,2396,156961,156961
SP,6,Deputado Federal,Dep. Federal,PRD,PRD,25,103,f,FEDERAÇÃO RENOVAÇÃO SOLIDÁRIA,34,197375,197375,3805,3805,197375,197375
SP,6,Deputado Federal,Dep. Federal,NOVO,NOVO,30,,i,PARTIDO NOVO,70,585331,585543,11165,11165,585543,585331
SP,6,Deputado Federal,Dep. Federal,AVANTE,AVANTE,70,,i,AVANTE,71,190184,197031,5314,5314,197031,190184
SP,6,Deputado Federal,Dep. Federal,PDT,PDT,12,,i,PARTIDO DEMOCRÁTICO TRABALHISTA,56,128372,128372,19928,19928,128372,128372
SP,6,Deputado Federal,Dep. Federal,MDB,MDB,15,,i,MOVIMENTO DEMOCRÁTICO BRASILEIRO,66,1173591,1173591,14138,14138,1173591,1173591
SP,6,Deputado Federal,Dep. Federal,CIDADANIA,CIDADANIA,23,100,f,FEDERAÇÃO PSDB CIDADANIA,7,120457,120457,8082,8082,120457,120457
SP,6,Deputado Federal,Dep. Federal,PSDB,PSDB,45,100,f,FEDERAÇÃO PSDB CIDADANIA,58,244233,244369,6533,6533,244369,244233
SP,6,Deputado Federal,Dep. Federal,PCDOB,PCDOB,65,101,f,FEDERAÇÃO BRASIL DA ESPERANÇA - FE BRASIL,2,79912,79912,4948,4948,79912,79912
SP,6,Deputado Federal,Dep. Federal,PT,PT,13,101,f,FEDERAÇÃO BRASIL DA ESPERANÇA - FE BRASIL,48,2467871,2467871,264980,264980,2467871,2467871
SP,6,Deputado Federal,Dep. Federal,PV,PV,43,101,f,FEDERAÇÃO BRASIL DA ESPERANÇA - FE BRASIL,3,23473,23473,2358,2358,23473,23473
SP,6,Deputado Federal,Dep. Federal,REDE,REDE,18,102,f,FEDERAÇÃO PSOL REDE,10,29600,29600,29057,29057,29600,29600
SP,6,Deputado Federal,Dep. Federal,PSOL,PSOL,50,102,f,FEDERAÇÃO PSOL REDE,35,2975795,2979330,26299,26299,2979330,2975795
SP,6,Deputado Federal,Dep. Federal,DC,DC,27,,i,DEMOCRACIA CRISTÃ,59,26743,30367,665,665,30367,26743
SP,6,Deputado Federal,Dep. Federal,DEMOCRATA,DEMOCRATA,35,,i,DEMOCRATA,8,2652,2652,1471,1471,2652,2652
SP,7,Deputado Estadual,Dep. Estadual/Distrital,PDT,PDT,12,,i,PARTIDO DEMOCRÁTICO TRABALHISTA,43,133629,133629,26360,26360,133629,133629
SP,7,Deputado Estadual,Dep. Estadual/Distrital,PCDOB,PCDOB,65,101,f,FEDERAÇÃO BRASIL DA ESPERANÇA - FE BRASIL,7,137403,137403,6955,6955,137403,137403
SP,7,Deputado Estadual,Dep. Estadual/Distrital,PV,PV,43,101,f,FEDERAÇÃO BRASIL DA ESPERANÇA - FE BRASIL,2,25235,25235,3777,3777,25235,25235
SP,7,Deputado Estadual,Dep. Estadual/Distrital,PT,PT,13,101,f,FEDERAÇÃO BRASIL DA ESPERANÇA - FE BRASIL,74,3146068,3146068,337123,337123,3146068,3146068
SP,7,Deputado Estadual,Dep. Estadual/Distrital,MISSAO,MISSÃO,14,,i,PARTIDO MISSÃO,61,393153,394137,36017,36017,394137,393153
SP,7,Deputado Estadual,Dep. Estadual/Distrital,DC,DC,27,,i,DEMOCRACIA CRISTÃ,75,33411,36473,1606,1606,36473,33411
SP,7,Deputado Estadual,Dep. Estadual/Distrital,PL,PL,22,,i,PARTIDO LIBERAL,95,5954540,5954540,331507,331507,5954540,5954540
SP,7,Deputado Estadual,Dep. Estadual/Distrital,PRD,PRD,25,103,f,FEDERAÇÃO RENOVAÇÃO SOLIDÁRIA,35,158493,158493,10683,10683,158493,158493
SP,7,Deputado Estadual,Dep. Estadual/Distrital,SOLIDARIEDADE,SOLIDARIEDADE,77,103,f,FEDERAÇÃO RENOVAÇÃO SOLIDÁRIA,32,91179,103238,4871,4871,103238,91179
SP,7,Deputado Estadual,Dep. Estadual/Distrital,PCO,PCO,29,,i,PARTIDO DA CAUSA OPERÁRIA,13,0,1545,0,1178,1545,0
SP,7,Deputado Estadual,Dep. Estadual/Distrital,PSD,PSD,55,,i,PARTIDO SOCIAL DEMOCRÁTICO,93,2208670,2208943,43171,43171,2208943,2208670
SP,7,Deputado Estadual,Dep. Estadual/Distrital,PSTU,PSTU,16,,i,PARTIDO SOCIALISTA  DOS TRABALHADORES UNIFICADO,3,6557,6557,3431,3431,6557,6557
SP,7,Deputado Estadual,Dep. Estadual/Distrital,DEMOCRATA,DEMOCRATA,35,,i,DEMOCRATA,10,2380,2380,2294,2294,2380,2380
SP,7,Deputado Estadual,Dep. Estadual/Distrital,PP,PP,11,104,f,FEDERAÇÃO UNIÃO PROGRESSISTA,38,977013,977324,123327,123327,977324,977013
SP,7,Deputado Estadual,Dep. Estadual/Distrital,UNIAO,UNIÃO,44,104,f,FEDERAÇÃO UNIÃO PROGRESSISTA,46,981047,981047,24262,24262,981047,981047
SP,7,Deputado Estadual,Dep. Estadual/Distrital,PSB,PSB,40,,i,PARTIDO SOCIALISTA BRASILEIRO,85,622171,622171,119394,119394,622171,622171
SP,7,Deputado Estadual,Dep. Estadual/Distrital,MDB,MDB,15,,i,MOVIMENTO DEMOCRÁTICO BRASILEIRO,86,1157483,1157483,36934,36934,1157483,1157483
SP,7,Deputado Estadual,Dep. Estadual/Distrital,REDE,REDE,18,102,f,FEDERAÇÃO PSOL REDE,9,40330,40330,130888,130888,40330,40330
SP,7,Deputado Estadual,Dep. Estadual/Distrital,PSOL,PSOL,50,102,f,FEDERAÇÃO PSOL REDE,57,2028929,2029280,60359,60359,2029280,2028929
SP,7,Deputado Estadual,Dep. Estadual/Distrital,PODE,PODE,20,,i,PODEMOS,89,1339361,1340899,39801,39801,1340899,1339361
SP,7,Deputado Estadual,Dep. Estadual/Distrital,NOVO,NOVO,30,,i,PARTIDO NOVO,94,319244,319244,27462,27462,319244,319244
SP,7,Deputado Estadual,Dep. Estadual/Distrital,MOBILIZA,MOBILIZA,33,,i,MOBILIZAÇÃO NACIONAL,55,20348,25291,1962,1962,25291,20348
SP,7,Deputado Estadual,Dep. Estadual/Distrital,CIDADANIA,CIDADANIA,23,100,f,FEDERAÇÃO PSDB CIDADANIA,19,114722,114722,10372,10372,114722,114722
SP,7,Deputado Estadual,Dep. Estadual/Distrital,PSDB,PSDB,45,100,f,FEDERAÇÃO PSDB CIDADANIA,70,320011,320011,22242,22242,320011,320011
SP,7,Deputado Estadual,Dep. Estadual/Distrital,AVANTE,AVANTE,70,,i,AVANTE,56,51367,51367,8384,8384,51367,51367
SP,7,Deputado Estadual,Dep. Estadual/Distrital,REPUBLICANOS,REPUBLICANOS,10,,i,REPUBLICANOS,65,1514712,1516333,76117,76117,1516333,1514712
SP,7,Deputado Estadual,Dep. Estadual/Distrital,AGIR,AGIR,36,,i,AGIR,32,3636,12076,1887,1887,12076,3636
SP,7,Deputado Estadual,Dep. Estadual/Distrital,UP,UP,80,,i,UNIDADE POPULAR,2,14289,14289,3447,3447,14289,14289
TO,3,Governador,Governador,PSDB,PSDB,45,100,c,PRA CIMA TOCANTINS,1,372848,372848,0,0,372848,372848
TO,3,Governador,Governador,DC,DC,27,,i,DEMOCRACIA CRISTÃ,1,1272,1272,0,0,1272,1272
TO,3,Governador,Governador,NOVO,NOVO,30,,i,PARTIDO NOVO,1,13173,13173,0,0,13173,13173
TO,3,Governador,Governador,PSD,PSD,55,,c,PRA FRENTE TOCANTINS,1,69967,69967,0,0,69967,69967
TO,3,Governador,Governador,PSOL,PSOL,50,102,f,FEDERAÇÃO PSOL REDE,1,5109,5109,0,0,5109,5109
TO,3,Governador,Governador,UNIAO,UNIÃO,44,104,c,UNIÃO PELO TOCANTINS,1,386260,386260,0,0,386260,386260
TO,5,Senador,Senador,PT,PT,13,101,c,PRA FRENTE TOCANTINS,1,129838,129838,0,0,129838,129838
TO,5,Senador,Senador,REPUBLICANOS,REPUBLICANOS,10,,i,REPUBLICANOS,1,271829,271829,0,0,271829,271829
TO,5,Senador,Senador,PL,PL,22,,i,PARTIDO LIBERAL,1,450191,450191,0,0,450191,450191
TO,5,Senador,Senador,REDE,REDE,18,102,f,FEDERAÇÃO PSOL REDE,1,7802,7802,0,0,7802,7802
TO,5,Senador,Senador,PSOL,PSOL,50,102,f,FEDERAÇÃO PSOL REDE,1,35722,35722,0,0,35722,35722
TO,5,Senador,Senador,DEMOCRATA,DEMOCRATA,35,,i,DEMOCRATA,2,4943,8197,0,0,8197,4943
TO,5,Senador,Senador,PODE,PODE,20,,i,PODEMOS,2,160996,160996,0,0,160996,160996
TO,5,Senador,Senador,UNIAO,UNIÃO,44,104,f,FEDERAÇÃO UNIÃO PROGRESSISTA,1,255548,255548,0,0,255548,255548
TO,5,Senador,Senador,MDB,MDB,15,,c,PRA CIMA TOCANTINS,1,316786,316786,0,0,316786,316786
TO,5,Senador,Senador,NOVO,NOVO,30,,i,PARTIDO NOVO,1,14558,14558,0,0,14558,14558
TO,5,Senador,Senador,DC,DC,27,,i,DEMOCRACIA CRISTÃ,1,2198,2198,0,0,2198,2198
TO,6,Deputado Federal,Dep. Federal,PODE,PODE,20,,i,PODEMOS,7,91727,91727,2129,2129,91727,91727
TO,6,Deputado Federal,Dep. Federal,PCDOB,PCDOB,65,101,f,FEDERAÇÃO BRASIL DA ESPERANÇA - FE BRASIL,0,0,0,378,378,0,0
TO,6,Deputado Federal,Dep. Federal,PT,PT,13,101,f,FEDERAÇÃO BRASIL DA ESPERANÇA - FE BRASIL,6,49094,53376,5414,5414,53376,49094
TO,6,Deputado Federal,Dep. Federal,PV,PV,43,101,f,FEDERAÇÃO BRASIL DA ESPERANÇA - FE BRASIL,2,2166,2166,587,587,2166,2166
TO,6,Deputado Federal,Dep. Federal,MISSAO,MISSÃO,14,,i,PARTIDO MISSÃO,3,1913,1913,457,457,1913,1913
TO,6,Deputado Federal,Dep. Federal,NOVO,NOVO,30,,i,PARTIDO NOVO,3,575,575,119,119,575,575
TO,6,Deputado Federal,Dep. Federal,REPUBLICANOS,REPUBLICANOS,10,,i,REPUBLICANOS,7,278178,278178,3332,3332,278178,278178
TO,6,Deputado Federal,Dep. Federal,PL,PL,22,,i,PARTIDO LIBERAL,9,98169,98169,3681,3681,98169,98169
TO,6,Deputado Federal,Dep. Federal,PRD,PRD,25,103,f,FEDERAÇÃO RENOVAÇÃO SOLIDÁRIA,1,132,132,1053,1053,132,132
TO,6,Deputado Federal,Dep. Federal,SOLIDARIEDADE,SOLIDARIEDADE,77,103,f,FEDERAÇÃO RENOVAÇÃO SOLIDÁRIA,0,0,0,618,618,0,0
TO,6,Deputado Federal,Dep. Federal,UNIAO,UNIÃO,44,104,f,FEDERAÇÃO UNIÃO PROGRESSISTA,4,150385,150385,3317,3317,150385,150385
TO,6,Deputado Federal,Dep. Federal,PP,PP,11,104,f,FEDERAÇÃO UNIÃO PROGRESSISTA,4,105697,105697,2127,2127,105697,105697
TO,6,Deputado Federal,Dep. Federal,PDT,PDT,12,,i,PARTIDO DEMOCRÁTICO TRABALHISTA,9,2133,2133,2336,2336,2133,2133
TO,6,Deputado Federal,Dep. Federal,DC,DC,27,,i,DEMOCRACIA CRISTÃ,3,100,100,47,47,100,100
TO,6,Deputado Federal,Dep. Federal,PSB,PSB,40,,i,PARTIDO SOCIALISTA BRASILEIRO,6,954,954,161,161,954,954
TO,6,Deputado Federal,Dep. Federal,REDE,REDE,18,102,f,FEDERAÇÃO PSOL REDE,3,450,450,124,124,450,450
TO,6,Deputado Federal,Dep. Federal,PSOL,PSOL,50,102,f,FEDERAÇÃO PSOL REDE,5,954,954,217,217,954,954
TO,6,Deputado Federal,Dep. Federal,DEMOCRATA,DEMOCRATA,35,,i,DEMOCRATA,3,141,141,42,42,141,141
TO,6,Deputado Federal,Dep. Federal,PSDB,PSDB,45,100,f,FEDERAÇÃO PSDB CIDADANIA,9,91635,91635,1843,1843,91635,91635
TO,6,Deputado Federal,Dep. Federal,CIDADANIA,CIDADANIA,23,100,f,FEDERAÇÃO PSDB CIDADANIA,0,0,0,182,182,0,0
TO,7,Deputado Estadual,Dep. Estadual/Distrital,REPUBLICANOS,REPUBLICANOS,10,,i,REPUBLICANOS,19,149988,150081,6837,6837,150081,149988
TO,7,Deputado Estadual,Dep. Estadual/Distrital,UNIAO,UNIÃO,44,104,f,FEDERAÇÃO UNIÃO PROGRESSISTA,14,102424,102424,8286,8286,102424,102424
TO,7,Deputado Estadual,Dep. Estadual/Distrital,PP,PP,11,104,f,FEDERAÇÃO UNIÃO PROGRESSISTA,6,3257,3257,1690,1690,3257,3257
TO,7,Deputado Estadual,Dep. Estadual/Distrital,PCDOB,PCDOB,65,101,f,FEDERAÇÃO BRASIL DA ESPERANÇA - FE BRASIL,7,16197,16197,310,310,16197,16197
TO,7,Deputado Estadual,Dep. Estadual/Distrital,PT,PT,13,101,f,FEDERAÇÃO BRASIL DA ESPERANÇA - FE BRASIL,12,29733,29733,8829,8829,29733,29733
TO,7,Deputado Estadual,Dep. Estadual/Distrital,PV,PV,43,101,f,FEDERAÇÃO BRASIL DA ESPERANÇA - FE BRASIL,4,23798,23798,532,532,23798,23798
TO,7,Deputado Estadual,Dep. Estadual/Distrital,PODE,PODE,20,,i,PODEMOS,15,77482,77482,3496,3496,77482,77482
TO,7,Deputado Estadual,Dep. Estadual/Distrital,PL,PL,22,,i,PARTIDO LIBERAL,17,157573,157573,10814,10814,157573,157573
TO,7,Deputado Estadual,Dep. Estadual/Distrital,PSD,PSD,55,,i,PARTIDO SOCIAL DEMOCRÁTICO,17,55538,55538,1328,1328,55538,55538
TO,7,Deputado Estadual,Dep. Estadual/Distrital,MDB,MDB,15,,i,MOVIMENTO DEMOCRÁTICO BRASILEIRO,19,99755,99755,9827,9827,99755,99755
TO,7,Deputado Estadual,Dep. Estadual/Distrital,PSDB,PSDB,45,100,f,FEDERAÇÃO PSDB CIDADANIA,25,71552,71552,3451,3451,71552,71552
TO,7,Deputado Estadual,Dep. Estadual/Distrital,CIDADANIA,CIDADANIA,23,100,f,FEDERAÇÃO PSDB CIDADANIA,0,0,0,248,248,0,0
TO,7,Deputado Estadual,Dep. Estadual/Distrital,NOVO,NOVO,30,,i,PARTIDO NOVO,10,3088,3088,208,208,3088,3088
TO,7,Deputado Estadual,Dep. Estadual/Distrital,DC,DC,27,,i,DEMOCRACIA CRISTÃ,6,397,397,125,125,397,397
TO,7,Deputado Estadual,Dep. Estadual/Distrital,SOLIDARIEDADE,SOLIDARIEDADE,77,103,f,FEDERAÇÃO RENOVAÇÃO SOLIDÁRIA,6,17847,17847,300,300,17847,17847
TO,7,Deputado Estadual,Dep. Estadual/Distrital,PRD,PRD,25,103,f,FEDERAÇÃO RENOVAÇÃO SOLIDÁRIA,14,43517,50697,689,689,50697,43517
TO,7,Deputado Estadual,Dep. Estadual/Distrital,DEMOCRATA,DEMOCRATA,35,,i,DEMOCRATA,3,82,82,91,91,82,82
